mode,measure,value,scenario,city,country,continent,mode_distance
bus,mean,1.0562,Bicycling,sao_paulo,Brazil,Latin_America,24192293.99997025
car,mean,13.8562,Bicycling,sao_paulo,Brazil,Latin_America,31470234.872310292
cycle,mean,174.3718,Bicycling,sao_paulo,Brazil,Latin_America,3470910.900206392
motorcycle,mean,260.076,Bicycling,sao_paulo,Brazil,Latin_America,4330962.034163332
other,mean,22.6401,Bicycling,sao_paulo,Brazil,Latin_America,159476.41688502725
pedestrian,mean,205.4306,Bicycling,sao_paulo,Brazil,Latin_America,4922016.270654121
truck,mean,3.238,Bicycling,sao_paulo,Brazil,Latin_America,12287150.08884937
bus,ub,1.6044,Bicycling,sao_paulo,Brazil,Latin_America,24192293.99997025
car,ub,15.3797,Bicycling,sao_paulo,Brazil,Latin_America,31470234.872310292
cycle,ub,215.9225,Bicycling,sao_paulo,Brazil,Latin_America,3470910.900206392
motorcycle,ub,282.0878,Bicycling,sao_paulo,Brazil,Latin_America,4330962.034163332
other,ub,48.5713,Bicycling,sao_paulo,Brazil,Latin_America,159476.41688502725
pedestrian,ub,225.2242,Bicycling,sao_paulo,Brazil,Latin_America,4922016.270654121
truck,ub,4.5261,Bicycling,sao_paulo,Brazil,Latin_America,12287150.08884937
bus,lb,0.697,Bicycling,sao_paulo,Brazil,Latin_America,24192293.99997025
car,lb,12.5315,Bicycling,sao_paulo,Brazil,Latin_America,31470234.872310292
cycle,lb,141.1457,Bicycling,sao_paulo,Brazil,Latin_America,3470910.900206392
motorcycle,lb,240.9113,Bicycling,sao_paulo,Brazil,Latin_America,4330962.034163332
other,lb,10.5701,Bicycling,sao_paulo,Brazil,Latin_America,159476.41688502725
pedestrian,lb,188.9543,Bicycling,sao_paulo,Brazil,Latin_America,4922016.270654121
truck,lb,2.3303,Bicycling,sao_paulo,Brazil,Latin_America,12287150.08884937
bus,mean,1.0577,Baseline_predicted,sao_paulo,Brazil,Latin_America,25069614.64558881
car,mean,13.807,Baseline_predicted,sao_paulo,Brazil,Latin_America,32687908.799218576
cycle,mean,257.3022,Baseline_predicted,sao_paulo,Brazil,Latin_America,401239.18001522106
motorcycle,mean,261.6329,Baseline_predicted,sao_paulo,Brazil,Latin_America,4444074.618707761
other,mean,22.7871,Baseline_predicted,sao_paulo,Brazil,Latin_America,173302.25686995994
pedestrian,mean,207.6521,Baseline_predicted,sao_paulo,Brazil,Latin_America,5164657.512131773
truck,mean,3.2599,Baseline_predicted,sao_paulo,Brazil,Latin_America,12287150.08884937
bus,ub,1.6022,Baseline_predicted,sao_paulo,Brazil,Latin_America,25069614.64558881
car,ub,15.2775,Baseline_predicted,sao_paulo,Brazil,Latin_America,32687908.799218576
cycle,ub,318.4593,Baseline_predicted,sao_paulo,Brazil,Latin_America,401239.18001522106
motorcycle,ub,282.0965,Baseline_predicted,sao_paulo,Brazil,Latin_America,4444074.618707761
other,ub,48.7177,Baseline_predicted,sao_paulo,Brazil,Latin_America,173302.25686995994
pedestrian,ub,225.7008,Baseline_predicted,sao_paulo,Brazil,Latin_America,5164657.512131773
truck,ub,4.5507,Baseline_predicted,sao_paulo,Brazil,Latin_America,12287150.08884937
bus,lb,0.699,Baseline_predicted,sao_paulo,Brazil,Latin_America,25069614.64558881
car,lb,12.5027,Baseline_predicted,sao_paulo,Brazil,Latin_America,32687908.799218576
cycle,lb,208.3766,Baseline_predicted,sao_paulo,Brazil,Latin_America,401239.18001522106
motorcycle,lb,242.9939,Baseline_predicted,sao_paulo,Brazil,Latin_America,4444074.618707761
other,lb,10.6633,Baseline_predicted,sao_paulo,Brazil,Latin_America,173302.25686995994
pedestrian,lb,191.756,Baseline_predicted,sao_paulo,Brazil,Latin_America,5164657.512131773
truck,lb,2.3467,Baseline_predicted,sao_paulo,Brazil,Latin_America,12287150.08884937
bus,mean,0.9512,Public Transport,sao_paulo,Brazil,Latin_America,31138122.004501086
car,mean,14.3538,Public Transport,sao_paulo,Brazil,Latin_America,26721837.330969233
cycle,mean,250.3859,Public Transport,sao_paulo,Brazil,Latin_America,360033.606123475
motorcycle,mean,263.8237,Public Transport,sao_paulo,Brazil,Latin_America,3554853.475209963
other,mean,22.1144,Public Transport,sao_paulo,Brazil,Latin_America,141148.465140295
pedestrian,mean,193.3567,Public Transport,sao_paulo,Brazil,Latin_America,5511156.535057328
truck,mean,3.1935,Public Transport,sao_paulo,Brazil,Latin_America,12287150.08884937
bus,ub,1.4384,Public Transport,sao_paulo,Brazil,Latin_America,31138122.004501086
car,ub,15.8832,Public Transport,sao_paulo,Brazil,Latin_America,26721837.330969233
cycle,ub,310.2211,Public Transport,sao_paulo,Brazil,Latin_America,360033.606123475
motorcycle,ub,284.5487,Public Transport,sao_paulo,Brazil,Latin_America,3554853.475209963
other,ub,47.2752,Public Transport,sao_paulo,Brazil,Latin_America,141148.465140295
pedestrian,ub,210.2135,Public Transport,sao_paulo,Brazil,Latin_America,5511156.535057328
truck,ub,4.4481,Public Transport,sao_paulo,Brazil,Latin_America,12287150.08884937
bus,lb,0.6297,Public Transport,sao_paulo,Brazil,Latin_America,31138122.004501086
car,lb,12.996,Public Transport,sao_paulo,Brazil,Latin_America,26721837.330969233
cycle,lb,202.5603,Public Transport,sao_paulo,Brazil,Latin_America,360033.606123475
motorcycle,lb,244.916,Public Transport,sao_paulo,Brazil,Latin_America,3554853.475209963
other,lb,10.3491,Public Transport,sao_paulo,Brazil,Latin_America,141148.465140295
pedestrian,lb,178.4982,Public Transport,sao_paulo,Brazil,Latin_America,5511156.535057328
truck,lb,2.3036,Public Transport,sao_paulo,Brazil,Latin_America,12287150.08884937
bus,mean,1.1182,Car,sao_paulo,Brazil,Latin_America,22157059.38328778
car,mean,13.1875,Car,sao_paulo,Brazil,Latin_America,39595988.59842835
cycle,mean,270.6912,Car,sao_paulo,Brazil,Latin_America,350025.2249579115
motorcycle,mean,272.9788,Car,sao_paulo,Brazil,Latin_America,4040988.046294257
other,mean,23.872,Car,sao_paulo,Brazil,Latin_America,163455.7027630436
pedestrian,mean,218.7653,Car,sao_paulo,Brazil,Latin_America,4780693.2908307575
truck,mean,3.3099,Car,sao_paulo,Brazil,Latin_America,12287150.08884937
bus,ub,1.6951,Car,sao_paulo,Brazil,Latin_America,22157059.38328778
car,ub,14.5759,Car,sao_paulo,Brazil,Latin_America,39595988.59842835
cycle,ub,334.5818,Car,sao_paulo,Brazil,Latin_America,350025.2249579115
motorcycle,ub,294.1149,Car,sao_paulo,Brazil,Latin_America,4040988.046294257
other,ub,51.021,Car,sao_paulo,Brazil,Latin_America,163455.7027630436
pedestrian,ub,237.2799,Car,sao_paulo,Brazil,Latin_America,4780693.2908307575
truck,ub,4.6268,Car,sao_paulo,Brazil,Latin_America,12287150.08884937
bus,lb,0.7385,Car,sao_paulo,Brazil,Latin_America,22157059.38328778
car,lb,11.9537,Car,sao_paulo,Brazil,Latin_America,39595988.59842835
cycle,lb,219.5037,Car,sao_paulo,Brazil,Latin_America,350025.2249579115
motorcycle,lb,253.6779,Car,sao_paulo,Brazil,Latin_America,4040988.046294257
other,lb,11.1739,Car,sao_paulo,Brazil,Latin_America,163455.7027630436
pedestrian,lb,202.3896,Car,sao_paulo,Brazil,Latin_America,4780693.2908307575
truck,lb,2.3795,Car,sao_paulo,Brazil,Latin_America,12287150.08884937
bus,mean,1.1841,Motorcycling,sao_paulo,Brazil,Latin_America,23146467.147186905
car,mean,15.0946,Motorcycling,sao_paulo,Brazil,Latin_America,30286973.13427854
cycle,mean,290.8226,Motorcycling,sao_paulo,Brazil,Latin_America,383321.38166370697
motorcycle,mean,228.995,Motorcycling,sao_paulo,Brazil,Latin_America,11462390.324213095
other,mean,27.2847,Motorcycling,sao_paulo,Brazil,Latin_America,145447.25572384553
pedestrian,mean,243.9325,Motorcycling,sao_paulo,Brazil,Latin_America,4912365.297474593
truck,mean,3.4595,Motorcycling,sao_paulo,Brazil,Latin_America,12287150.08884937
bus,ub,1.7991,Motorcycling,sao_paulo,Brazil,Latin_America,23146467.147186905
car,ub,16.7918,Motorcycling,sao_paulo,Brazil,Latin_America,30286973.13427854
cycle,ub,359.4992,Motorcycling,sao_paulo,Brazil,Latin_America,383321.38166370697
motorcycle,ub,246.8788,Motorcycling,sao_paulo,Brazil,Latin_America,11462390.324213095
other,ub,58.3539,Motorcycling,sao_paulo,Brazil,Latin_America,145447.25572384553
pedestrian,ub,266.3033,Motorcycling,sao_paulo,Brazil,Latin_America,4912365.297474593
truck,ub,4.8597,Motorcycling,sao_paulo,Brazil,Latin_America,12287150.08884937
bus,lb,0.7802,Motorcycling,sao_paulo,Brazil,Latin_America,23146467.147186905
car,lb,13.5978,Motorcycling,sao_paulo,Brazil,Latin_America,30286973.13427854
cycle,lb,235.7423,Motorcycling,sao_paulo,Brazil,Latin_America,383321.38166370697
motorcycle,lb,212.6884,Motorcycling,sao_paulo,Brazil,Latin_America,11462390.324213095
other,lb,12.7622,Motorcycling,sao_paulo,Brazil,Latin_America,145447.25572384553
pedestrian,lb,224.1367,Motorcycling,sao_paulo,Brazil,Latin_America,4912365.297474593
truck,lb,2.4755,Motorcycling,sao_paulo,Brazil,Latin_America,12287150.08884937
pedestrian,mean,207.6521,Baseline,sao_paulo,Brazil,Latin_America,5164657.512131773
motorcycle,mean,261.6329,Baseline,sao_paulo,Brazil,Latin_America,4444074.618707761
cycle,mean,257.3022,Baseline,sao_paulo,Brazil,Latin_America,401239.18001522106
car,mean,13.807,Baseline,sao_paulo,Brazil,Latin_America,32687908.799218576
other,mean,22.7871,Baseline,sao_paulo,Brazil,Latin_America,173302.25686995994
truck,mean,3.2599,Baseline,sao_paulo,Brazil,Latin_America,12287150.08884937
bus,mean,1.0577,Baseline,sao_paulo,Brazil,Latin_America,25069614.64558881
