str_mode,measure,value,cas_mode,city,scenario,country,continent,mode_distance
bus,mean,0,bus,sao_paulo,Baseline_predicted,Brazil,Latin_America,25069614.64558881
bus,ub,0,bus,sao_paulo,Baseline_predicted,Brazil,Latin_America,25069614.64558881
bus,lb,0,bus,sao_paulo,Baseline_predicted,Brazil,Latin_America,25069614.64558881
car,mean,2.55,bus,sao_paulo,Baseline_predicted,Brazil,Latin_America,25069614.64558881
car,ub,3.96,bus,sao_paulo,Baseline_predicted,Brazil,Latin_America,25069614.64558881
car,lb,1.65,bus,sao_paulo,Baseline_predicted,Brazil,Latin_America,25069614.64558881
cycle,mean,0.01,bus,sao_paulo,Baseline_predicted,Brazil,Latin_America,25069614.64558881
cycle,ub,0.02,bus,sao_paulo,Baseline_predicted,Brazil,Latin_America,25069614.64558881
cycle,lb,0,bus,sao_paulo,Baseline_predicted,Brazil,Latin_America,25069614.64558881
motorcycle,mean,0.9,bus,sao_paulo,Baseline_predicted,Brazil,Latin_America,25069614.64558881
motorcycle,ub,1.4,bus,sao_paulo,Baseline_predicted,Brazil,Latin_America,25069614.64558881
motorcycle,lb,0.57,bus,sao_paulo,Baseline_predicted,Brazil,Latin_America,25069614.64558881
other,mean,0.01,bus,sao_paulo,Baseline_predicted,Brazil,Latin_America,25069614.64558881
other,ub,0.02,bus,sao_paulo,Baseline_predicted,Brazil,Latin_America,25069614.64558881
other,lb,0,bus,sao_paulo,Baseline_predicted,Brazil,Latin_America,25069614.64558881
truck,mean,0.86,bus,sao_paulo,Baseline_predicted,Brazil,Latin_America,25069614.64558881
truck,ub,1.34,bus,sao_paulo,Baseline_predicted,Brazil,Latin_America,25069614.64558881
truck,lb,0.55,bus,sao_paulo,Baseline_predicted,Brazil,Latin_America,25069614.64558881
nov,mean,5.35,bus,sao_paulo,Baseline_predicted,Brazil,Latin_America,25069614.64558881
nov,ub,7.93,bus,sao_paulo,Baseline_predicted,Brazil,Latin_America,25069614.64558881
nov,lb,3.62,bus,sao_paulo,Baseline_predicted,Brazil,Latin_America,25069614.64558881
total,mean,9.68,bus,sao_paulo,Baseline_predicted,Brazil,Latin_America,25069614.64558881
total,ub,14.66,bus,sao_paulo,Baseline_predicted,Brazil,Latin_America,25069614.64558881
total,lb,6.4,bus,sao_paulo,Baseline_predicted,Brazil,Latin_America,25069614.64558881
bus,mean,15.88,car,sao_paulo,Baseline_predicted,Brazil,Latin_America,32687908.799218576
bus,ub,18.61,car,sao_paulo,Baseline_predicted,Brazil,Latin_America,32687908.799218576
bus,lb,13.55,car,sao_paulo,Baseline_predicted,Brazil,Latin_America,32687908.799218576
car,mean,0,car,sao_paulo,Baseline_predicted,Brazil,Latin_America,32687908.799218576
car,ub,0,car,sao_paulo,Baseline_predicted,Brazil,Latin_America,32687908.799218576
car,lb,0,car,sao_paulo,Baseline_predicted,Brazil,Latin_America,32687908.799218576
cycle,mean,0.09,car,sao_paulo,Baseline_predicted,Brazil,Latin_America,32687908.799218576
cycle,ub,0.23,car,sao_paulo,Baseline_predicted,Brazil,Latin_America,32687908.799218576
cycle,lb,0.04,car,sao_paulo,Baseline_predicted,Brazil,Latin_America,32687908.799218576
motorcycle,mean,10.85,car,sao_paulo,Baseline_predicted,Brazil,Latin_America,32687908.799218576
motorcycle,ub,12.86,car,sao_paulo,Baseline_predicted,Brazil,Latin_America,32687908.799218576
motorcycle,lb,9.15,car,sao_paulo,Baseline_predicted,Brazil,Latin_America,32687908.799218576
other,mean,0.09,car,sao_paulo,Baseline_predicted,Brazil,Latin_America,32687908.799218576
other,ub,0.22,car,sao_paulo,Baseline_predicted,Brazil,Latin_America,32687908.799218576
other,lb,0.04,car,sao_paulo,Baseline_predicted,Brazil,Latin_America,32687908.799218576
truck,mean,10.36,car,sao_paulo,Baseline_predicted,Brazil,Latin_America,32687908.799218576
truck,ub,12.23,car,sao_paulo,Baseline_predicted,Brazil,Latin_America,32687908.799218576
truck,lb,8.78,car,sao_paulo,Baseline_predicted,Brazil,Latin_America,32687908.799218576
nov,mean,127.46,car,sao_paulo,Baseline_predicted,Brazil,Latin_America,32687908.799218576
nov,ub,138.13,car,sao_paulo,Baseline_predicted,Brazil,Latin_America,32687908.799218576
nov,lb,117.62,car,sao_paulo,Baseline_predicted,Brazil,Latin_America,32687908.799218576
total,mean,164.73,car,sao_paulo,Baseline_predicted,Brazil,Latin_America,32687908.799218576
total,ub,182.28,car,sao_paulo,Baseline_predicted,Brazil,Latin_America,32687908.799218576
total,lb,149.17,car,sao_paulo,Baseline_predicted,Brazil,Latin_America,32687908.799218576
bus,mean,6.35,cycle,sao_paulo,Baseline_predicted,Brazil,Latin_America,401239.18001522106
bus,ub,7.63,cycle,sao_paulo,Baseline_predicted,Brazil,Latin_America,401239.18001522106
bus,lb,5.28,cycle,sao_paulo,Baseline_predicted,Brazil,Latin_America,401239.18001522106
car,mean,12.32,cycle,sao_paulo,Baseline_predicted,Brazil,Latin_America,401239.18001522106
car,ub,14.73,cycle,sao_paulo,Baseline_predicted,Brazil,Latin_America,401239.18001522106
car,lb,10.31,cycle,sao_paulo,Baseline_predicted,Brazil,Latin_America,401239.18001522106
cycle,mean,0,cycle,sao_paulo,Baseline_predicted,Brazil,Latin_America,401239.18001522106
cycle,ub,0,cycle,sao_paulo,Baseline_predicted,Brazil,Latin_America,401239.18001522106
cycle,lb,0,cycle,sao_paulo,Baseline_predicted,Brazil,Latin_America,401239.18001522106
motorcycle,mean,4.33,cycle,sao_paulo,Baseline_predicted,Brazil,Latin_America,401239.18001522106
motorcycle,ub,5.28,cycle,sao_paulo,Baseline_predicted,Brazil,Latin_America,401239.18001522106
motorcycle,lb,3.56,cycle,sao_paulo,Baseline_predicted,Brazil,Latin_America,401239.18001522106
other,mean,0.04,cycle,sao_paulo,Baseline_predicted,Brazil,Latin_America,401239.18001522106
other,ub,0.09,cycle,sao_paulo,Baseline_predicted,Brazil,Latin_America,401239.18001522106
other,lb,0.01,cycle,sao_paulo,Baseline_predicted,Brazil,Latin_America,401239.18001522106
truck,mean,4.14,cycle,sao_paulo,Baseline_predicted,Brazil,Latin_America,401239.18001522106
truck,ub,5.01,cycle,sao_paulo,Baseline_predicted,Brazil,Latin_America,401239.18001522106
truck,lb,3.42,cycle,sao_paulo,Baseline_predicted,Brazil,Latin_America,401239.18001522106
nov,mean,10.5,cycle,sao_paulo,Baseline_predicted,Brazil,Latin_America,401239.18001522106
nov,ub,13.9,cycle,sao_paulo,Baseline_predicted,Brazil,Latin_America,401239.18001522106
nov,lb,7.94,cycle,sao_paulo,Baseline_predicted,Brazil,Latin_America,401239.18001522106
total,mean,37.68,cycle,sao_paulo,Baseline_predicted,Brazil,Latin_America,401239.18001522106
total,ub,46.64,cycle,sao_paulo,Baseline_predicted,Brazil,Latin_America,401239.18001522106
total,lb,30.52,cycle,sao_paulo,Baseline_predicted,Brazil,Latin_America,401239.18001522106
bus,mean,68.81,motorcycle,sao_paulo,Baseline_predicted,Brazil,Latin_America,4444074.618707761
bus,ub,74.67,motorcycle,sao_paulo,Baseline_predicted,Brazil,Latin_America,4444074.618707761
bus,lb,63.41,motorcycle,sao_paulo,Baseline_predicted,Brazil,Latin_America,4444074.618707761
car,mean,133.63,motorcycle,sao_paulo,Baseline_predicted,Brazil,Latin_America,4444074.618707761
car,ub,142.87,motorcycle,sao_paulo,Baseline_predicted,Brazil,Latin_America,4444074.618707761
car,lb,124.99,motorcycle,sao_paulo,Baseline_predicted,Brazil,Latin_America,4444074.618707761
cycle,mean,0.4,motorcycle,sao_paulo,Baseline_predicted,Brazil,Latin_America,4444074.618707761
cycle,ub,0.97,motorcycle,sao_paulo,Baseline_predicted,Brazil,Latin_America,4444074.618707761
cycle,lb,0.16,motorcycle,sao_paulo,Baseline_predicted,Brazil,Latin_America,4444074.618707761
motorcycle,mean,0,motorcycle,sao_paulo,Baseline_predicted,Brazil,Latin_America,4444074.618707761
motorcycle,ub,0,motorcycle,sao_paulo,Baseline_predicted,Brazil,Latin_America,4444074.618707761
motorcycle,lb,0,motorcycle,sao_paulo,Baseline_predicted,Brazil,Latin_America,4444074.618707761
other,mean,0.38,motorcycle,sao_paulo,Baseline_predicted,Brazil,Latin_America,4444074.618707761
other,ub,0.94,motorcycle,sao_paulo,Baseline_predicted,Brazil,Latin_America,4444074.618707761
other,lb,0.16,motorcycle,sao_paulo,Baseline_predicted,Brazil,Latin_America,4444074.618707761
truck,mean,44.9,motorcycle,sao_paulo,Baseline_predicted,Brazil,Latin_America,4444074.618707761
truck,ub,49.39,motorcycle,sao_paulo,Baseline_predicted,Brazil,Latin_America,4444074.618707761
truck,lb,40.82,motorcycle,sao_paulo,Baseline_predicted,Brazil,Latin_America,4444074.618707761
nov,mean,176.26,motorcycle,sao_paulo,Baseline_predicted,Brazil,Latin_America,4444074.618707761
nov,ub,188.73,motorcycle,sao_paulo,Baseline_predicted,Brazil,Latin_America,4444074.618707761
nov,lb,164.62,motorcycle,sao_paulo,Baseline_predicted,Brazil,Latin_America,4444074.618707761
total,mean,424.39,motorcycle,sao_paulo,Baseline_predicted,Brazil,Latin_America,4444074.618707761
total,ub,457.59,motorcycle,sao_paulo,Baseline_predicted,Brazil,Latin_America,4444074.618707761
total,lb,394.16,motorcycle,sao_paulo,Baseline_predicted,Brazil,Latin_America,4444074.618707761
bus,mean,0.34,other,sao_paulo,Baseline_predicted,Brazil,Latin_America,173302.25686995994
bus,ub,0.72,other,sao_paulo,Baseline_predicted,Brazil,Latin_America,173302.25686995994
bus,lb,0.16,other,sao_paulo,Baseline_predicted,Brazil,Latin_America,173302.25686995994
car,mean,0.65,other,sao_paulo,Baseline_predicted,Brazil,Latin_America,173302.25686995994
car,ub,1.39,other,sao_paulo,Baseline_predicted,Brazil,Latin_America,173302.25686995994
car,lb,0.31,other,sao_paulo,Baseline_predicted,Brazil,Latin_America,173302.25686995994
cycle,mean,0,other,sao_paulo,Baseline_predicted,Brazil,Latin_America,173302.25686995994
cycle,ub,0.01,other,sao_paulo,Baseline_predicted,Brazil,Latin_America,173302.25686995994
cycle,lb,0,other,sao_paulo,Baseline_predicted,Brazil,Latin_America,173302.25686995994
motorcycle,mean,0.23,other,sao_paulo,Baseline_predicted,Brazil,Latin_America,173302.25686995994
motorcycle,ub,0.49,other,sao_paulo,Baseline_predicted,Brazil,Latin_America,173302.25686995994
motorcycle,lb,0.11,other,sao_paulo,Baseline_predicted,Brazil,Latin_America,173302.25686995994
other,mean,0,other,sao_paulo,Baseline_predicted,Brazil,Latin_America,173302.25686995994
other,ub,0.01,other,sao_paulo,Baseline_predicted,Brazil,Latin_America,173302.25686995994
other,lb,0,other,sao_paulo,Baseline_predicted,Brazil,Latin_America,173302.25686995994
truck,mean,0.22,other,sao_paulo,Baseline_predicted,Brazil,Latin_America,173302.25686995994
truck,ub,0.47,other,sao_paulo,Baseline_predicted,Brazil,Latin_America,173302.25686995994
truck,lb,0.1,other,sao_paulo,Baseline_predicted,Brazil,Latin_America,173302.25686995994
nov,mean,0,other,sao_paulo,Baseline_predicted,Brazil,Latin_America,173302.25686995994
nov,ub,0,other,sao_paulo,Baseline_predicted,Brazil,Latin_America,173302.25686995994
nov,lb,0,other,sao_paulo,Baseline_predicted,Brazil,Latin_America,173302.25686995994
total,mean,1.44,other,sao_paulo,Baseline_predicted,Brazil,Latin_America,173302.25686995994
total,ub,3.08,other,sao_paulo,Baseline_predicted,Brazil,Latin_America,173302.25686995994
total,lb,0.67,other,sao_paulo,Baseline_predicted,Brazil,Latin_America,173302.25686995994
bus,mean,90.64,pedestrian,sao_paulo,Baseline_predicted,Brazil,Latin_America,5164657.512131773
bus,ub,97.79,pedestrian,sao_paulo,Baseline_predicted,Brazil,Latin_America,5164657.512131773
bus,lb,84.03,pedestrian,sao_paulo,Baseline_predicted,Brazil,Latin_America,5164657.512131773
car,mean,176.03,pedestrian,sao_paulo,Baseline_predicted,Brazil,Latin_America,5164657.512131773
car,ub,186.98,pedestrian,sao_paulo,Baseline_predicted,Brazil,Latin_America,5164657.512131773
car,lb,165.73,pedestrian,sao_paulo,Baseline_predicted,Brazil,Latin_America,5164657.512131773
cycle,mean,0.52,pedestrian,sao_paulo,Baseline_predicted,Brazil,Latin_America,5164657.512131773
cycle,ub,1.28,pedestrian,sao_paulo,Baseline_predicted,Brazil,Latin_America,5164657.512131773
cycle,lb,0.21,pedestrian,sao_paulo,Baseline_predicted,Brazil,Latin_America,5164657.512131773
motorcycle,mean,61.91,pedestrian,sao_paulo,Baseline_predicted,Brazil,Latin_America,5164657.512131773
motorcycle,ub,68.79,pedestrian,sao_paulo,Baseline_predicted,Brazil,Latin_America,5164657.512131773
motorcycle,lb,55.72,pedestrian,sao_paulo,Baseline_predicted,Brazil,Latin_America,5164657.512131773
other,mean,0.51,pedestrian,sao_paulo,Baseline_predicted,Brazil,Latin_America,5164657.512131773
other,ub,1.24,pedestrian,sao_paulo,Baseline_predicted,Brazil,Latin_America,5164657.512131773
other,lb,0.21,pedestrian,sao_paulo,Baseline_predicted,Brazil,Latin_America,5164657.512131773
truck,mean,59.15,pedestrian,sao_paulo,Baseline_predicted,Brazil,Latin_America,5164657.512131773
truck,ub,64.74,pedestrian,sao_paulo,Baseline_predicted,Brazil,Latin_America,5164657.512131773
truck,lb,54.05,pedestrian,sao_paulo,Baseline_predicted,Brazil,Latin_America,5164657.512131773
nov,mean,2.68,pedestrian,sao_paulo,Baseline_predicted,Brazil,Latin_America,5164657.512131773
nov,ub,4.66,pedestrian,sao_paulo,Baseline_predicted,Brazil,Latin_America,5164657.512131773
nov,lb,1.54,pedestrian,sao_paulo,Baseline_predicted,Brazil,Latin_America,5164657.512131773
total,mean,391.44,pedestrian,sao_paulo,Baseline_predicted,Brazil,Latin_America,5164657.512131773
total,ub,425.47,pedestrian,sao_paulo,Baseline_predicted,Brazil,Latin_America,5164657.512131773
total,lb,361.48,pedestrian,sao_paulo,Baseline_predicted,Brazil,Latin_America,5164657.512131773
bus,mean,1.25,truck,sao_paulo,Baseline_predicted,Brazil,Latin_America,12287150.08884937
bus,ub,1.92,truck,sao_paulo,Baseline_predicted,Brazil,Latin_America,12287150.08884937
bus,lb,0.81,truck,sao_paulo,Baseline_predicted,Brazil,Latin_America,12287150.08884937
car,mean,2.42,truck,sao_paulo,Baseline_predicted,Brazil,Latin_America,12287150.08884937
car,ub,3.71,truck,sao_paulo,Baseline_predicted,Brazil,Latin_America,12287150.08884937
car,lb,1.58,truck,sao_paulo,Baseline_predicted,Brazil,Latin_America,12287150.08884937
cycle,mean,0.01,truck,sao_paulo,Baseline_predicted,Brazil,Latin_America,12287150.08884937
cycle,ub,0.02,truck,sao_paulo,Baseline_predicted,Brazil,Latin_America,12287150.08884937
cycle,lb,0,truck,sao_paulo,Baseline_predicted,Brazil,Latin_America,12287150.08884937
motorcycle,mean,0.85,truck,sao_paulo,Baseline_predicted,Brazil,Latin_America,12287150.08884937
motorcycle,ub,1.32,truck,sao_paulo,Baseline_predicted,Brazil,Latin_America,12287150.08884937
motorcycle,lb,0.55,truck,sao_paulo,Baseline_predicted,Brazil,Latin_America,12287150.08884937
other,mean,0.01,truck,sao_paulo,Baseline_predicted,Brazil,Latin_America,12287150.08884937
other,ub,0.02,truck,sao_paulo,Baseline_predicted,Brazil,Latin_America,12287150.08884937
other,lb,0,truck,sao_paulo,Baseline_predicted,Brazil,Latin_America,12287150.08884937
truck,mean,0,truck,sao_paulo,Baseline_predicted,Brazil,Latin_America,12287150.08884937
truck,ub,0,truck,sao_paulo,Baseline_predicted,Brazil,Latin_America,12287150.08884937
truck,lb,0,truck,sao_paulo,Baseline_predicted,Brazil,Latin_America,12287150.08884937
nov,mean,10.09,truck,sao_paulo,Baseline_predicted,Brazil,Latin_America,12287150.08884937
nov,ub,13.43,truck,sao_paulo,Baseline_predicted,Brazil,Latin_America,12287150.08884937
nov,lb,7.58,truck,sao_paulo,Baseline_predicted,Brazil,Latin_America,12287150.08884937
total,mean,14.62,truck,sao_paulo,Baseline_predicted,Brazil,Latin_America,12287150.08884937
total,ub,20.41,truck,sao_paulo,Baseline_predicted,Brazil,Latin_America,12287150.08884937
total,lb,10.52,truck,sao_paulo,Baseline_predicted,Brazil,Latin_America,12287150.08884937
bus,mean,0,bus,sao_paulo,Bicycling,Brazil,Latin_America,24192293.99997025
bus,ub,0,bus,sao_paulo,Bicycling,Brazil,Latin_America,24192293.99997025
bus,lb,0,bus,sao_paulo,Bicycling,Brazil,Latin_America,24192293.99997025
car,mean,2.4,bus,sao_paulo,Bicycling,Brazil,Latin_America,24192293.99997025
car,ub,3.71,bus,sao_paulo,Bicycling,Brazil,Latin_America,24192293.99997025
car,lb,1.55,bus,sao_paulo,Bicycling,Brazil,Latin_America,24192293.99997025
cycle,mean,0.04,bus,sao_paulo,Bicycling,Brazil,Latin_America,24192293.99997025
cycle,ub,0.12,bus,sao_paulo,Bicycling,Brazil,Latin_America,24192293.99997025
cycle,lb,0.02,bus,sao_paulo,Bicycling,Brazil,Latin_America,24192293.99997025
motorcycle,mean,0.85,bus,sao_paulo,Bicycling,Brazil,Latin_America,24192293.99997025
motorcycle,ub,1.33,bus,sao_paulo,Bicycling,Brazil,Latin_America,24192293.99997025
motorcycle,lb,0.55,bus,sao_paulo,Bicycling,Brazil,Latin_America,24192293.99997025
other,mean,0.01,bus,sao_paulo,Bicycling,Brazil,Latin_America,24192293.99997025
other,ub,0.02,bus,sao_paulo,Bicycling,Brazil,Latin_America,24192293.99997025
other,lb,0,bus,sao_paulo,Bicycling,Brazil,Latin_America,24192293.99997025
truck,mean,0.83,bus,sao_paulo,Bicycling,Brazil,Latin_America,24192293.99997025
truck,ub,1.3,bus,sao_paulo,Bicycling,Brazil,Latin_America,24192293.99997025
truck,lb,0.53,bus,sao_paulo,Bicycling,Brazil,Latin_America,24192293.99997025
nov,mean,5.19,bus,sao_paulo,Bicycling,Brazil,Latin_America,24192293.99997025
nov,ub,7.69,bus,sao_paulo,Bicycling,Brazil,Latin_America,24192293.99997025
nov,lb,3.51,bus,sao_paulo,Bicycling,Brazil,Latin_America,24192293.99997025
total,mean,9.33,bus,sao_paulo,Bicycling,Brazil,Latin_America,24192293.99997025
total,ub,14.17,bus,sao_paulo,Bicycling,Brazil,Latin_America,24192293.99997025
total,lb,6.15,bus,sao_paulo,Bicycling,Brazil,Latin_America,24192293.99997025
bus,mean,14.91,car,sao_paulo,Bicycling,Brazil,Latin_America,31470234.872310292
bus,ub,17.47,car,sao_paulo,Bicycling,Brazil,Latin_America,31470234.872310292
bus,lb,12.72,car,sao_paulo,Bicycling,Brazil,Latin_America,31470234.872310292
car,mean,0,car,sao_paulo,Bicycling,Brazil,Latin_America,31470234.872310292
car,ub,0,car,sao_paulo,Bicycling,Brazil,Latin_America,31470234.872310292
car,lb,0,car,sao_paulo,Bicycling,Brazil,Latin_America,31470234.872310292
cycle,mean,0.53,car,sao_paulo,Bicycling,Brazil,Latin_America,31470234.872310292
cycle,ub,1.31,car,sao_paulo,Bicycling,Brazil,Latin_America,31470234.872310292
cycle,lb,0.21,car,sao_paulo,Bicycling,Brazil,Latin_America,31470234.872310292
motorcycle,mean,10.28,car,sao_paulo,Bicycling,Brazil,Latin_America,31470234.872310292
motorcycle,ub,12.19,car,sao_paulo,Bicycling,Brazil,Latin_America,31470234.872310292
motorcycle,lb,8.66,car,sao_paulo,Bicycling,Brazil,Latin_America,31470234.872310292
other,mean,0.08,car,sao_paulo,Bicycling,Brazil,Latin_America,31470234.872310292
other,ub,0.2,car,sao_paulo,Bicycling,Brazil,Latin_America,31470234.872310292
other,lb,0.03,car,sao_paulo,Bicycling,Brazil,Latin_America,31470234.872310292
truck,mean,10.03,car,sao_paulo,Bicycling,Brazil,Latin_America,31470234.872310292
truck,ub,11.84,car,sao_paulo,Bicycling,Brazil,Latin_America,31470234.872310292
truck,lb,8.5,car,sao_paulo,Bicycling,Brazil,Latin_America,31470234.872310292
nov,mean,123.34,car,sao_paulo,Bicycling,Brazil,Latin_America,31470234.872310292
nov,ub,133.66,car,sao_paulo,Bicycling,Brazil,Latin_America,31470234.872310292
nov,lb,113.81,car,sao_paulo,Bicycling,Brazil,Latin_America,31470234.872310292
total,mean,159.16,car,sao_paulo,Bicycling,Brazil,Latin_America,31470234.872310292
total,ub,176.66,car,sao_paulo,Bicycling,Brazil,Latin_America,31470234.872310292
total,lb,143.95,car,sao_paulo,Bicycling,Brazil,Latin_America,31470234.872310292
bus,mean,36.76,cycle,sao_paulo,Bicycling,Brazil,Latin_America,3470910.900206392
bus,ub,44.19,cycle,sao_paulo,Bicycling,Brazil,Latin_America,3470910.900206392
bus,lb,30.57,cycle,sao_paulo,Bicycling,Brazil,Latin_America,3470910.900206392
car,mean,71.2,cycle,sao_paulo,Bicycling,Brazil,Latin_America,3470910.900206392
car,ub,85.1,cycle,sao_paulo,Bicycling,Brazil,Latin_America,3470910.900206392
car,lb,59.57,cycle,sao_paulo,Bicycling,Brazil,Latin_America,3470910.900206392
cycle,mean,0,cycle,sao_paulo,Bicycling,Brazil,Latin_America,3470910.900206392
cycle,ub,0,cycle,sao_paulo,Bicycling,Brazil,Latin_America,3470910.900206392
cycle,lb,0,cycle,sao_paulo,Bicycling,Brazil,Latin_America,3470910.900206392
motorcycle,mean,25.33,cycle,sao_paulo,Bicycling,Brazil,Latin_America,3470910.900206392
motorcycle,ub,30.89,cycle,sao_paulo,Bicycling,Brazil,Latin_America,3470910.900206392
motorcycle,lb,20.78,cycle,sao_paulo,Bicycling,Brazil,Latin_America,3470910.900206392
other,mean,0.2,cycle,sao_paulo,Bicycling,Brazil,Latin_America,3470910.900206392
other,ub,0.49,cycle,sao_paulo,Bicycling,Brazil,Latin_America,3470910.900206392
other,lb,0.08,cycle,sao_paulo,Bicycling,Brazil,Latin_America,3470910.900206392
truck,mean,24.72,cycle,sao_paulo,Bicycling,Brazil,Latin_America,3470910.900206392
truck,ub,29.92,cycle,sao_paulo,Bicycling,Brazil,Latin_America,3470910.900206392
truck,lb,20.43,cycle,sao_paulo,Bicycling,Brazil,Latin_America,3470910.900206392
nov,mean,62.7,cycle,sao_paulo,Bicycling,Brazil,Latin_America,3470910.900206392
nov,ub,82.96,cycle,sao_paulo,Bicycling,Brazil,Latin_America,3470910.900206392
nov,lb,47.38,cycle,sao_paulo,Bicycling,Brazil,Latin_America,3470910.900206392
total,mean,220.91,cycle,sao_paulo,Bicycling,Brazil,Latin_America,3470910.900206392
total,ub,273.55,cycle,sao_paulo,Bicycling,Brazil,Latin_America,3470910.900206392
total,lb,178.81,cycle,sao_paulo,Bicycling,Brazil,Latin_America,3470910.900206392
bus,mean,65.35,motorcycle,sao_paulo,Bicycling,Brazil,Latin_America,4330962.034163332
bus,ub,70.92,motorcycle,sao_paulo,Bicycling,Brazil,Latin_America,4330962.034163332
bus,lb,60.22,motorcycle,sao_paulo,Bicycling,Brazil,Latin_America,4330962.034163332
car,mean,126.59,motorcycle,sao_paulo,Bicycling,Brazil,Latin_America,4330962.034163332
car,ub,135.34,motorcycle,sao_paulo,Bicycling,Brazil,Latin_America,4330962.034163332
car,lb,118.4,motorcycle,sao_paulo,Bicycling,Brazil,Latin_America,4330962.034163332
cycle,mean,2.32,motorcycle,sao_paulo,Bicycling,Brazil,Latin_America,4330962.034163332
cycle,ub,5.69,motorcycle,sao_paulo,Bicycling,Brazil,Latin_America,4330962.034163332
cycle,lb,0.95,motorcycle,sao_paulo,Bicycling,Brazil,Latin_America,4330962.034163332
motorcycle,mean,0,motorcycle,sao_paulo,Bicycling,Brazil,Latin_America,4330962.034163332
motorcycle,ub,0,motorcycle,sao_paulo,Bicycling,Brazil,Latin_America,4330962.034163332
motorcycle,lb,0,motorcycle,sao_paulo,Bicycling,Brazil,Latin_America,4330962.034163332
other,mean,0.35,motorcycle,sao_paulo,Bicycling,Brazil,Latin_America,4330962.034163332
other,ub,0.86,motorcycle,sao_paulo,Bicycling,Brazil,Latin_America,4330962.034163332
other,lb,0.14,motorcycle,sao_paulo,Bicycling,Brazil,Latin_America,4330962.034163332
truck,mean,43.96,motorcycle,sao_paulo,Bicycling,Brazil,Latin_America,4330962.034163332
truck,ub,48.35,motorcycle,sao_paulo,Bicycling,Brazil,Latin_America,4330962.034163332
truck,lb,39.96,motorcycle,sao_paulo,Bicycling,Brazil,Latin_America,4330962.034163332
nov,mean,172.55,motorcycle,sao_paulo,Bicycling,Brazil,Latin_America,4330962.034163332
nov,ub,184.76,motorcycle,sao_paulo,Bicycling,Brazil,Latin_America,4330962.034163332
nov,lb,161.15,motorcycle,sao_paulo,Bicycling,Brazil,Latin_America,4330962.034163332
total,mean,411.13,motorcycle,sao_paulo,Bicycling,Brazil,Latin_America,4330962.034163332
total,ub,445.92,motorcycle,sao_paulo,Bicycling,Brazil,Latin_America,4330962.034163332
total,lb,380.83,motorcycle,sao_paulo,Bicycling,Brazil,Latin_America,4330962.034163332
bus,mean,0.3,other,sao_paulo,Bicycling,Brazil,Latin_America,159476.41688502725
bus,ub,0.65,other,sao_paulo,Bicycling,Brazil,Latin_America,159476.41688502725
bus,lb,0.14,other,sao_paulo,Bicycling,Brazil,Latin_America,159476.41688502725
car,mean,0.59,other,sao_paulo,Bicycling,Brazil,Latin_America,159476.41688502725
car,ub,1.25,other,sao_paulo,Bicycling,Brazil,Latin_America,159476.41688502725
car,lb,0.28,other,sao_paulo,Bicycling,Brazil,Latin_America,159476.41688502725
cycle,mean,0.01,other,sao_paulo,Bicycling,Brazil,Latin_America,159476.41688502725
cycle,ub,0.03,other,sao_paulo,Bicycling,Brazil,Latin_America,159476.41688502725
cycle,lb,0,other,sao_paulo,Bicycling,Brazil,Latin_America,159476.41688502725
motorcycle,mean,0.21,other,sao_paulo,Bicycling,Brazil,Latin_America,159476.41688502725
motorcycle,ub,0.45,other,sao_paulo,Bicycling,Brazil,Latin_America,159476.41688502725
motorcycle,lb,0.1,other,sao_paulo,Bicycling,Brazil,Latin_America,159476.41688502725
other,mean,0,other,sao_paulo,Bicycling,Brazil,Latin_America,159476.41688502725
other,ub,0.01,other,sao_paulo,Bicycling,Brazil,Latin_America,159476.41688502725
other,lb,0,other,sao_paulo,Bicycling,Brazil,Latin_America,159476.41688502725
truck,mean,0.2,other,sao_paulo,Bicycling,Brazil,Latin_America,159476.41688502725
truck,ub,0.44,other,sao_paulo,Bicycling,Brazil,Latin_America,159476.41688502725
truck,lb,0.1,other,sao_paulo,Bicycling,Brazil,Latin_America,159476.41688502725
nov,mean,0,other,sao_paulo,Bicycling,Brazil,Latin_America,159476.41688502725
nov,ub,0,other,sao_paulo,Bicycling,Brazil,Latin_America,159476.41688502725
nov,lb,0,other,sao_paulo,Bicycling,Brazil,Latin_America,159476.41688502725
total,mean,1.32,other,sao_paulo,Bicycling,Brazil,Latin_America,159476.41688502725
total,ub,2.83,other,sao_paulo,Bicycling,Brazil,Latin_America,159476.41688502725
total,lb,0.62,other,sao_paulo,Bicycling,Brazil,Latin_America,159476.41688502725
bus,mean,84.45,pedestrian,sao_paulo,Bicycling,Brazil,Latin_America,4922016.270654121
bus,ub,91.1,pedestrian,sao_paulo,Bicycling,Brazil,Latin_America,4922016.270654121
bus,lb,78.28,pedestrian,sao_paulo,Bicycling,Brazil,Latin_America,4922016.270654121
car,mean,163.58,pedestrian,sao_paulo,Bicycling,Brazil,Latin_America,4922016.270654121
car,ub,173.75,pedestrian,sao_paulo,Bicycling,Brazil,Latin_America,4922016.270654121
car,lb,154,pedestrian,sao_paulo,Bicycling,Brazil,Latin_America,4922016.270654121
cycle,mean,3,pedestrian,sao_paulo,Bicycling,Brazil,Latin_America,4922016.270654121
cycle,ub,7.35,pedestrian,sao_paulo,Bicycling,Brazil,Latin_America,4922016.270654121
cycle,lb,1.23,pedestrian,sao_paulo,Bicycling,Brazil,Latin_America,4922016.270654121
motorcycle,mean,58.2,pedestrian,sao_paulo,Bicycling,Brazil,Latin_America,4922016.270654121
motorcycle,ub,64.67,pedestrian,sao_paulo,Bicycling,Brazil,Latin_America,4922016.270654121
motorcycle,lb,52.39,pedestrian,sao_paulo,Bicycling,Brazil,Latin_America,4922016.270654121
other,mean,0.45,pedestrian,sao_paulo,Bicycling,Brazil,Latin_America,4922016.270654121
other,ub,1.11,pedestrian,sao_paulo,Bicycling,Brazil,Latin_America,4922016.270654121
other,lb,0.18,pedestrian,sao_paulo,Bicycling,Brazil,Latin_America,4922016.270654121
truck,mean,56.8,pedestrian,sao_paulo,Bicycling,Brazil,Latin_America,4922016.270654121
truck,ub,62.17,pedestrian,sao_paulo,Bicycling,Brazil,Latin_America,4922016.270654121
truck,lb,51.9,pedestrian,sao_paulo,Bicycling,Brazil,Latin_America,4922016.270654121
nov,mean,2.57,pedestrian,sao_paulo,Bicycling,Brazil,Latin_America,4922016.270654121
nov,ub,4.48,pedestrian,sao_paulo,Bicycling,Brazil,Latin_America,4922016.270654121
nov,lb,1.48,pedestrian,sao_paulo,Bicycling,Brazil,Latin_America,4922016.270654121
total,mean,369.06,pedestrian,sao_paulo,Bicycling,Brazil,Latin_America,4922016.270654121
total,ub,404.62,pedestrian,sao_paulo,Bicycling,Brazil,Latin_America,4922016.270654121
total,lb,339.46,pedestrian,sao_paulo,Bicycling,Brazil,Latin_America,4922016.270654121
bus,mean,1.21,truck,sao_paulo,Bicycling,Brazil,Latin_America,12287150.08884937
bus,ub,1.86,truck,sao_paulo,Bicycling,Brazil,Latin_America,12287150.08884937
bus,lb,0.79,truck,sao_paulo,Bicycling,Brazil,Latin_America,12287150.08884937
car,mean,2.34,truck,sao_paulo,Bicycling,Brazil,Latin_America,12287150.08884937
car,ub,3.59,truck,sao_paulo,Bicycling,Brazil,Latin_America,12287150.08884937
car,lb,1.53,truck,sao_paulo,Bicycling,Brazil,Latin_America,12287150.08884937
cycle,mean,0.04,truck,sao_paulo,Bicycling,Brazil,Latin_America,12287150.08884937
cycle,ub,0.12,truck,sao_paulo,Bicycling,Brazil,Latin_America,12287150.08884937
cycle,lb,0.02,truck,sao_paulo,Bicycling,Brazil,Latin_America,12287150.08884937
motorcycle,mean,0.83,truck,sao_paulo,Bicycling,Brazil,Latin_America,12287150.08884937
motorcycle,ub,1.29,truck,sao_paulo,Bicycling,Brazil,Latin_America,12287150.08884937
motorcycle,lb,0.54,truck,sao_paulo,Bicycling,Brazil,Latin_America,12287150.08884937
other,mean,0.01,truck,sao_paulo,Bicycling,Brazil,Latin_America,12287150.08884937
other,ub,0.02,truck,sao_paulo,Bicycling,Brazil,Latin_America,12287150.08884937
other,lb,0,truck,sao_paulo,Bicycling,Brazil,Latin_America,12287150.08884937
truck,mean,0,truck,sao_paulo,Bicycling,Brazil,Latin_America,12287150.08884937
truck,ub,0,truck,sao_paulo,Bicycling,Brazil,Latin_America,12287150.08884937
truck,lb,0,truck,sao_paulo,Bicycling,Brazil,Latin_America,12287150.08884937
nov,mean,10.09,truck,sao_paulo,Bicycling,Brazil,Latin_America,12287150.08884937
nov,ub,13.43,truck,sao_paulo,Bicycling,Brazil,Latin_America,12287150.08884937
nov,lb,7.58,truck,sao_paulo,Bicycling,Brazil,Latin_America,12287150.08884937
total,mean,14.52,truck,sao_paulo,Bicycling,Brazil,Latin_America,12287150.08884937
total,ub,20.3,truck,sao_paulo,Bicycling,Brazil,Latin_America,12287150.08884937
total,lb,10.45,truck,sao_paulo,Bicycling,Brazil,Latin_America,12287150.08884937
bus,mean,0,bus,sao_paulo,Car,Brazil,Latin_America,22157059.38328778
bus,ub,0,bus,sao_paulo,Car,Brazil,Latin_America,22157059.38328778
bus,lb,0,bus,sao_paulo,Car,Brazil,Latin_America,22157059.38328778
car,mean,2.7,bus,sao_paulo,Car,Brazil,Latin_America,22157059.38328778
car,ub,4.18,bus,sao_paulo,Car,Brazil,Latin_America,22157059.38328778
car,lb,1.74,bus,sao_paulo,Car,Brazil,Latin_America,22157059.38328778
cycle,mean,0.01,bus,sao_paulo,Car,Brazil,Latin_America,22157059.38328778
cycle,ub,0.02,bus,sao_paulo,Car,Brazil,Latin_America,22157059.38328778
cycle,lb,0,bus,sao_paulo,Car,Brazil,Latin_America,22157059.38328778
motorcycle,mean,0.74,bus,sao_paulo,Car,Brazil,Latin_America,22157059.38328778
motorcycle,ub,1.15,bus,sao_paulo,Car,Brazil,Latin_America,22157059.38328778
motorcycle,lb,0.47,bus,sao_paulo,Car,Brazil,Latin_America,22157059.38328778
other,mean,0.01,bus,sao_paulo,Car,Brazil,Latin_America,22157059.38328778
other,ub,0.02,bus,sao_paulo,Car,Brazil,Latin_America,22157059.38328778
other,lb,0,bus,sao_paulo,Car,Brazil,Latin_America,22157059.38328778
truck,mean,0.77,bus,sao_paulo,Car,Brazil,Latin_America,22157059.38328778
truck,ub,1.2,bus,sao_paulo,Car,Brazil,Latin_America,22157059.38328778
truck,lb,0.5,bus,sao_paulo,Car,Brazil,Latin_America,22157059.38328778
nov,mean,4.82,bus,sao_paulo,Car,Brazil,Latin_America,22157059.38328778
nov,ub,7.13,bus,sao_paulo,Car,Brazil,Latin_America,22157059.38328778
nov,lb,3.26,bus,sao_paulo,Car,Brazil,Latin_America,22157059.38328778
total,mean,9.04,bus,sao_paulo,Car,Brazil,Latin_America,22157059.38328778
total,ub,13.71,bus,sao_paulo,Car,Brazil,Latin_America,22157059.38328778
total,lb,5.97,bus,sao_paulo,Car,Brazil,Latin_America,22157059.38328778
bus,mean,16.8,car,sao_paulo,Car,Brazil,Latin_America,39595988.59842835
bus,ub,19.68,car,sao_paulo,Car,Brazil,Latin_America,39595988.59842835
bus,lb,14.34,car,sao_paulo,Car,Brazil,Latin_America,39595988.59842835
car,mean,0,car,sao_paulo,Car,Brazil,Latin_America,39595988.59842835
car,ub,0,car,sao_paulo,Car,Brazil,Latin_America,39595988.59842835
car,lb,0,car,sao_paulo,Car,Brazil,Latin_America,39595988.59842835
cycle,mean,0.1,car,sao_paulo,Car,Brazil,Latin_America,39595988.59842835
cycle,ub,0.24,car,sao_paulo,Car,Brazil,Latin_America,39595988.59842835
cycle,lb,0.04,car,sao_paulo,Car,Brazil,Latin_America,39595988.59842835
motorcycle,mean,11.64,car,sao_paulo,Car,Brazil,Latin_America,39595988.59842835
motorcycle,ub,13.81,car,sao_paulo,Car,Brazil,Latin_America,39595988.59842835
motorcycle,lb,9.82,car,sao_paulo,Car,Brazil,Latin_America,39595988.59842835
other,mean,0.1,car,sao_paulo,Car,Brazil,Latin_America,39595988.59842835
other,ub,0.24,car,sao_paulo,Car,Brazil,Latin_America,39595988.59842835
other,lb,0.04,car,sao_paulo,Car,Brazil,Latin_America,39595988.59842835
truck,mean,12.18,car,sao_paulo,Car,Brazil,Latin_America,39595988.59842835
truck,ub,14.37,car,sao_paulo,Car,Brazil,Latin_America,39595988.59842835
truck,lb,10.32,car,sao_paulo,Car,Brazil,Latin_America,39595988.59842835
nov,mean,149.78,car,sao_paulo,Car,Brazil,Latin_America,39595988.59842835
nov,ub,162.32,car,sao_paulo,Car,Brazil,Latin_America,39595988.59842835
nov,lb,138.21,car,sao_paulo,Car,Brazil,Latin_America,39595988.59842835
total,mean,190.59,car,sao_paulo,Car,Brazil,Latin_America,39595988.59842835
total,ub,210.66,car,sao_paulo,Car,Brazil,Latin_America,39595988.59842835
total,lb,172.76,car,sao_paulo,Car,Brazil,Latin_America,39595988.59842835
bus,mean,5.09,cycle,sao_paulo,Car,Brazil,Latin_America,350025.2249579115
bus,ub,6.12,cycle,sao_paulo,Car,Brazil,Latin_America,350025.2249579115
bus,lb,4.23,cycle,sao_paulo,Car,Brazil,Latin_America,350025.2249579115
car,mean,12.9,cycle,sao_paulo,Car,Brazil,Latin_America,350025.2249579115
car,ub,15.42,cycle,sao_paulo,Car,Brazil,Latin_America,350025.2249579115
car,lb,10.79,cycle,sao_paulo,Car,Brazil,Latin_America,350025.2249579115
cycle,mean,0,cycle,sao_paulo,Car,Brazil,Latin_America,350025.2249579115
cycle,ub,0,cycle,sao_paulo,Car,Brazil,Latin_America,350025.2249579115
cycle,lb,0,cycle,sao_paulo,Car,Brazil,Latin_America,350025.2249579115
motorcycle,mean,3.53,cycle,sao_paulo,Car,Brazil,Latin_America,350025.2249579115
motorcycle,ub,4.3,cycle,sao_paulo,Car,Brazil,Latin_America,350025.2249579115
motorcycle,lb,2.89,cycle,sao_paulo,Car,Brazil,Latin_America,350025.2249579115
other,mean,0.03,cycle,sao_paulo,Car,Brazil,Latin_America,350025.2249579115
other,ub,0.07,cycle,sao_paulo,Car,Brazil,Latin_America,350025.2249579115
other,lb,0.01,cycle,sao_paulo,Car,Brazil,Latin_America,350025.2249579115
truck,mean,3.69,cycle,sao_paulo,Car,Brazil,Latin_America,350025.2249579115
truck,ub,4.46,cycle,sao_paulo,Car,Brazil,Latin_America,350025.2249579115
truck,lb,3.05,cycle,sao_paulo,Car,Brazil,Latin_America,350025.2249579115
nov,mean,9.35,cycle,sao_paulo,Car,Brazil,Latin_America,350025.2249579115
nov,ub,12.38,cycle,sao_paulo,Car,Brazil,Latin_America,350025.2249579115
nov,lb,7.07,cycle,sao_paulo,Car,Brazil,Latin_America,350025.2249579115
total,mean,34.58,cycle,sao_paulo,Car,Brazil,Latin_America,350025.2249579115
total,ub,42.75,cycle,sao_paulo,Car,Brazil,Latin_America,350025.2249579115
total,lb,28.04,cycle,sao_paulo,Car,Brazil,Latin_America,350025.2249579115
bus,mean,56.57,motorcycle,sao_paulo,Car,Brazil,Latin_America,4040988.046294257
bus,ub,61.39,motorcycle,sao_paulo,Car,Brazil,Latin_America,4040988.046294257
bus,lb,52.13,motorcycle,sao_paulo,Car,Brazil,Latin_America,4040988.046294257
car,mean,143.41,motorcycle,sao_paulo,Car,Brazil,Latin_America,4040988.046294257
car,ub,153.33,motorcycle,sao_paulo,Car,Brazil,Latin_America,4040988.046294257
car,lb,134.14,motorcycle,sao_paulo,Car,Brazil,Latin_America,4040988.046294257
cycle,mean,0.32,motorcycle,sao_paulo,Car,Brazil,Latin_America,4040988.046294257
cycle,ub,0.79,motorcycle,sao_paulo,Car,Brazil,Latin_America,4040988.046294257
cycle,lb,0.13,motorcycle,sao_paulo,Car,Brazil,Latin_America,4040988.046294257
motorcycle,mean,0,motorcycle,sao_paulo,Car,Brazil,Latin_America,4040988.046294257
motorcycle,ub,0,motorcycle,sao_paulo,Car,Brazil,Latin_America,4040988.046294257
motorcycle,lb,0,motorcycle,sao_paulo,Car,Brazil,Latin_America,4040988.046294257
other,mean,0.33,motorcycle,sao_paulo,Car,Brazil,Latin_America,4040988.046294257
other,ub,0.81,motorcycle,sao_paulo,Car,Brazil,Latin_America,4040988.046294257
other,lb,0.14,motorcycle,sao_paulo,Car,Brazil,Latin_America,4040988.046294257
truck,mean,41.01,motorcycle,sao_paulo,Car,Brazil,Latin_America,4040988.046294257
truck,ub,45.11,motorcycle,sao_paulo,Car,Brazil,Latin_America,4040988.046294257
truck,lb,37.28,motorcycle,sao_paulo,Car,Brazil,Latin_America,4040988.046294257
nov,mean,160.98,motorcycle,sao_paulo,Car,Brazil,Latin_America,4040988.046294257
nov,ub,172.37,motorcycle,sao_paulo,Car,Brazil,Latin_America,4040988.046294257
nov,lb,150.34,motorcycle,sao_paulo,Car,Brazil,Latin_America,4040988.046294257
total,mean,402.63,motorcycle,sao_paulo,Car,Brazil,Latin_America,4040988.046294257
total,ub,433.81,motorcycle,sao_paulo,Car,Brazil,Latin_America,4040988.046294257
total,lb,374.16,motorcycle,sao_paulo,Car,Brazil,Latin_America,4040988.046294257
bus,mean,0.29,other,sao_paulo,Car,Brazil,Latin_America,163455.7027630436
bus,ub,0.61,other,sao_paulo,Car,Brazil,Latin_America,163455.7027630436
bus,lb,0.13,other,sao_paulo,Car,Brazil,Latin_America,163455.7027630436
car,mean,0.73,other,sao_paulo,Car,Brazil,Latin_America,163455.7027630436
car,ub,1.55,other,sao_paulo,Car,Brazil,Latin_America,163455.7027630436
car,lb,0.34,other,sao_paulo,Car,Brazil,Latin_America,163455.7027630436
cycle,mean,0,other,sao_paulo,Car,Brazil,Latin_America,163455.7027630436
cycle,ub,0.01,other,sao_paulo,Car,Brazil,Latin_America,163455.7027630436
cycle,lb,0,other,sao_paulo,Car,Brazil,Latin_America,163455.7027630436
motorcycle,mean,0.2,other,sao_paulo,Car,Brazil,Latin_America,163455.7027630436
motorcycle,ub,0.43,other,sao_paulo,Car,Brazil,Latin_America,163455.7027630436
motorcycle,lb,0.09,other,sao_paulo,Car,Brazil,Latin_America,163455.7027630436
other,mean,0,other,sao_paulo,Car,Brazil,Latin_America,163455.7027630436
other,ub,0.01,other,sao_paulo,Car,Brazil,Latin_America,163455.7027630436
other,lb,0,other,sao_paulo,Car,Brazil,Latin_America,163455.7027630436
truck,mean,0.21,other,sao_paulo,Car,Brazil,Latin_America,163455.7027630436
truck,ub,0.44,other,sao_paulo,Car,Brazil,Latin_America,163455.7027630436
truck,lb,0.1,other,sao_paulo,Car,Brazil,Latin_America,163455.7027630436
nov,mean,0,other,sao_paulo,Car,Brazil,Latin_America,163455.7027630436
nov,ub,0,other,sao_paulo,Car,Brazil,Latin_America,163455.7027630436
nov,lb,0,other,sao_paulo,Car,Brazil,Latin_America,163455.7027630436
total,mean,1.42,other,sao_paulo,Car,Brazil,Latin_America,163455.7027630436
total,ub,3.04,other,sao_paulo,Car,Brazil,Latin_America,163455.7027630436
total,lb,0.67,other,sao_paulo,Car,Brazil,Latin_America,163455.7027630436
bus,mean,76.39,pedestrian,sao_paulo,Car,Brazil,Latin_America,4780693.2908307575
bus,ub,82.41,pedestrian,sao_paulo,Car,Brazil,Latin_America,4780693.2908307575
bus,lb,70.81,pedestrian,sao_paulo,Car,Brazil,Latin_America,4780693.2908307575
car,mean,193.65,pedestrian,sao_paulo,Car,Brazil,Latin_America,4780693.2908307575
car,ub,205.69,pedestrian,sao_paulo,Car,Brazil,Latin_America,4780693.2908307575
car,lb,182.31,pedestrian,sao_paulo,Car,Brazil,Latin_America,4780693.2908307575
cycle,mean,0.44,pedestrian,sao_paulo,Car,Brazil,Latin_America,4780693.2908307575
cycle,ub,1.07,pedestrian,sao_paulo,Car,Brazil,Latin_America,4780693.2908307575
cycle,lb,0.18,pedestrian,sao_paulo,Car,Brazil,Latin_America,4780693.2908307575
motorcycle,mean,52.93,pedestrian,sao_paulo,Car,Brazil,Latin_America,4780693.2908307575
motorcycle,ub,58.81,pedestrian,sao_paulo,Car,Brazil,Latin_America,4780693.2908307575
motorcycle,lb,47.64,pedestrian,sao_paulo,Car,Brazil,Latin_America,4780693.2908307575
other,mean,0.45,pedestrian,sao_paulo,Car,Brazil,Latin_America,4780693.2908307575
other,ub,1.1,pedestrian,sao_paulo,Car,Brazil,Latin_America,4780693.2908307575
other,lb,0.18,pedestrian,sao_paulo,Car,Brazil,Latin_America,4780693.2908307575
truck,mean,55.37,pedestrian,sao_paulo,Car,Brazil,Latin_America,4780693.2908307575
truck,ub,60.6,pedestrian,sao_paulo,Car,Brazil,Latin_America,4780693.2908307575
truck,lb,50.6,pedestrian,sao_paulo,Car,Brazil,Latin_America,4780693.2908307575
nov,mean,2.51,pedestrian,sao_paulo,Car,Brazil,Latin_America,4780693.2908307575
nov,ub,4.36,pedestrian,sao_paulo,Car,Brazil,Latin_America,4780693.2908307575
nov,lb,1.44,pedestrian,sao_paulo,Car,Brazil,Latin_America,4780693.2908307575
total,mean,381.74,pedestrian,sao_paulo,Car,Brazil,Latin_America,4780693.2908307575
total,ub,414.04,pedestrian,sao_paulo,Car,Brazil,Latin_America,4780693.2908307575
total,lb,353.16,pedestrian,sao_paulo,Car,Brazil,Latin_America,4780693.2908307575
bus,mean,1.12,truck,sao_paulo,Car,Brazil,Latin_America,12287150.08884937
bus,ub,1.72,truck,sao_paulo,Car,Brazil,Latin_America,12287150.08884937
bus,lb,0.73,truck,sao_paulo,Car,Brazil,Latin_America,12287150.08884937
car,mean,2.84,truck,sao_paulo,Car,Brazil,Latin_America,12287150.08884937
car,ub,4.36,truck,sao_paulo,Car,Brazil,Latin_America,12287150.08884937
car,lb,1.85,truck,sao_paulo,Car,Brazil,Latin_America,12287150.08884937
cycle,mean,0.01,truck,sao_paulo,Car,Brazil,Latin_America,12287150.08884937
cycle,ub,0.02,truck,sao_paulo,Car,Brazil,Latin_America,12287150.08884937
cycle,lb,0,truck,sao_paulo,Car,Brazil,Latin_America,12287150.08884937
motorcycle,mean,0.78,truck,sao_paulo,Car,Brazil,Latin_America,12287150.08884937
motorcycle,ub,1.2,truck,sao_paulo,Car,Brazil,Latin_America,12287150.08884937
motorcycle,lb,0.5,truck,sao_paulo,Car,Brazil,Latin_America,12287150.08884937
other,mean,0.01,truck,sao_paulo,Car,Brazil,Latin_America,12287150.08884937
other,ub,0.02,truck,sao_paulo,Car,Brazil,Latin_America,12287150.08884937
other,lb,0,truck,sao_paulo,Car,Brazil,Latin_America,12287150.08884937
truck,mean,0,truck,sao_paulo,Car,Brazil,Latin_America,12287150.08884937
truck,ub,0,truck,sao_paulo,Car,Brazil,Latin_America,12287150.08884937
truck,lb,0,truck,sao_paulo,Car,Brazil,Latin_America,12287150.08884937
nov,mean,10.09,truck,sao_paulo,Car,Brazil,Latin_America,12287150.08884937
nov,ub,13.43,truck,sao_paulo,Car,Brazil,Latin_America,12287150.08884937
nov,lb,7.58,truck,sao_paulo,Car,Brazil,Latin_America,12287150.08884937
total,mean,14.84,truck,sao_paulo,Car,Brazil,Latin_America,12287150.08884937
total,ub,20.75,truck,sao_paulo,Car,Brazil,Latin_America,12287150.08884937
total,lb,10.67,truck,sao_paulo,Car,Brazil,Latin_America,12287150.08884937
bus,mean,0,bus,sao_paulo,Public Transport,Brazil,Latin_America,31138122.004501086
bus,ub,0,bus,sao_paulo,Public Transport,Brazil,Latin_America,31138122.004501086
bus,lb,0,bus,sao_paulo,Public Transport,Brazil,Latin_America,31138122.004501086
car,mean,2.56,bus,sao_paulo,Public Transport,Brazil,Latin_America,31138122.004501086
car,ub,3.96,bus,sao_paulo,Public Transport,Brazil,Latin_America,31138122.004501086
car,lb,1.65,bus,sao_paulo,Public Transport,Brazil,Latin_America,31138122.004501086
cycle,mean,0.01,bus,sao_paulo,Public Transport,Brazil,Latin_America,31138122.004501086
cycle,ub,0.02,bus,sao_paulo,Public Transport,Brazil,Latin_America,31138122.004501086
cycle,lb,0,bus,sao_paulo,Public Transport,Brazil,Latin_America,31138122.004501086
motorcycle,mean,0.88,bus,sao_paulo,Public Transport,Brazil,Latin_America,31138122.004501086
motorcycle,ub,1.37,bus,sao_paulo,Public Transport,Brazil,Latin_America,31138122.004501086
motorcycle,lb,0.56,bus,sao_paulo,Public Transport,Brazil,Latin_America,31138122.004501086
other,mean,0.01,bus,sao_paulo,Public Transport,Brazil,Latin_America,31138122.004501086
other,ub,0.02,bus,sao_paulo,Public Transport,Brazil,Latin_America,31138122.004501086
other,lb,0,bus,sao_paulo,Public Transport,Brazil,Latin_America,31138122.004501086
truck,mean,1.02,bus,sao_paulo,Public Transport,Brazil,Latin_America,31138122.004501086
truck,ub,1.58,bus,sao_paulo,Public Transport,Brazil,Latin_America,31138122.004501086
truck,lb,0.65,bus,sao_paulo,Public Transport,Brazil,Latin_America,31138122.004501086
nov,mean,6.35,bus,sao_paulo,Public Transport,Brazil,Latin_America,31138122.004501086
nov,ub,9.39,bus,sao_paulo,Public Transport,Brazil,Latin_America,31138122.004501086
nov,lb,4.29,bus,sao_paulo,Public Transport,Brazil,Latin_America,31138122.004501086
total,mean,10.81,bus,sao_paulo,Public Transport,Brazil,Latin_America,31138122.004501086
total,ub,16.35,bus,sao_paulo,Public Transport,Brazil,Latin_America,31138122.004501086
total,lb,7.16,bus,sao_paulo,Public Transport,Brazil,Latin_America,31138122.004501086
bus,mean,15.9,car,sao_paulo,Public Transport,Brazil,Latin_America,26721837.330969233
bus,ub,18.63,car,sao_paulo,Public Transport,Brazil,Latin_America,26721837.330969233
bus,lb,13.57,car,sao_paulo,Public Transport,Brazil,Latin_America,26721837.330969233
car,mean,0,car,sao_paulo,Public Transport,Brazil,Latin_America,26721837.330969233
car,ub,0,car,sao_paulo,Public Transport,Brazil,Latin_America,26721837.330969233
car,lb,0,car,sao_paulo,Public Transport,Brazil,Latin_America,26721837.330969233
cycle,mean,0.07,car,sao_paulo,Public Transport,Brazil,Latin_America,26721837.330969233
cycle,ub,0.17,car,sao_paulo,Public Transport,Brazil,Latin_America,26721837.330969233
cycle,lb,0.03,car,sao_paulo,Public Transport,Brazil,Latin_America,26721837.330969233
motorcycle,mean,7.53,car,sao_paulo,Public Transport,Brazil,Latin_America,26721837.330969233
motorcycle,ub,8.94,car,sao_paulo,Public Transport,Brazil,Latin_America,26721837.330969233
motorcycle,lb,6.35,car,sao_paulo,Public Transport,Brazil,Latin_America,26721837.330969233
other,mean,0.06,car,sao_paulo,Public Transport,Brazil,Latin_America,26721837.330969233
other,ub,0.15,car,sao_paulo,Public Transport,Brazil,Latin_America,26721837.330969233
other,lb,0.03,car,sao_paulo,Public Transport,Brazil,Latin_America,26721837.330969233
truck,mean,8.75,car,sao_paulo,Public Transport,Brazil,Latin_America,26721837.330969233
truck,ub,10.33,car,sao_paulo,Public Transport,Brazil,Latin_America,26721837.330969233
truck,lb,7.42,car,sao_paulo,Public Transport,Brazil,Latin_America,26721837.330969233
nov,mean,107.68,car,sao_paulo,Public Transport,Brazil,Latin_America,26721837.330969233
nov,ub,116.69,car,sao_paulo,Public Transport,Brazil,Latin_America,26721837.330969233
nov,lb,99.36,car,sao_paulo,Public Transport,Brazil,Latin_America,26721837.330969233
total,mean,140,car,sao_paulo,Public Transport,Brazil,Latin_America,26721837.330969233
total,ub,154.92,car,sao_paulo,Public Transport,Brazil,Latin_America,26721837.330969233
total,lb,126.76,car,sao_paulo,Public Transport,Brazil,Latin_America,26721837.330969233
bus,mean,6.84,cycle,sao_paulo,Public Transport,Brazil,Latin_America,360033.606123475
bus,ub,8.23,cycle,sao_paulo,Public Transport,Brazil,Latin_America,360033.606123475
bus,lb,5.69,cycle,sao_paulo,Public Transport,Brazil,Latin_America,360033.606123475
car,mean,9.47,cycle,sao_paulo,Public Transport,Brazil,Latin_America,360033.606123475
car,ub,11.32,cycle,sao_paulo,Public Transport,Brazil,Latin_America,360033.606123475
car,lb,7.92,cycle,sao_paulo,Public Transport,Brazil,Latin_America,360033.606123475
cycle,mean,0,cycle,sao_paulo,Public Transport,Brazil,Latin_America,360033.606123475
cycle,ub,0,cycle,sao_paulo,Public Transport,Brazil,Latin_America,360033.606123475
cycle,lb,0,cycle,sao_paulo,Public Transport,Brazil,Latin_America,360033.606123475
motorcycle,mean,3.24,cycle,sao_paulo,Public Transport,Brazil,Latin_America,360033.606123475
motorcycle,ub,3.95,cycle,sao_paulo,Public Transport,Brazil,Latin_America,360033.606123475
motorcycle,lb,2.66,cycle,sao_paulo,Public Transport,Brazil,Latin_America,360033.606123475
other,mean,0.03,cycle,sao_paulo,Public Transport,Brazil,Latin_America,360033.606123475
other,ub,0.07,cycle,sao_paulo,Public Transport,Brazil,Latin_America,360033.606123475
other,lb,0.01,cycle,sao_paulo,Public Transport,Brazil,Latin_America,360033.606123475
truck,mean,3.77,cycle,sao_paulo,Public Transport,Brazil,Latin_America,360033.606123475
truck,ub,4.56,cycle,sao_paulo,Public Transport,Brazil,Latin_America,360033.606123475
truck,lb,3.11,cycle,sao_paulo,Public Transport,Brazil,Latin_America,360033.606123475
nov,mean,9.55,cycle,sao_paulo,Public Transport,Brazil,Latin_America,360033.606123475
nov,ub,12.64,cycle,sao_paulo,Public Transport,Brazil,Latin_America,360033.606123475
nov,lb,7.22,cycle,sao_paulo,Public Transport,Brazil,Latin_America,360033.606123475
total,mean,32.9,cycle,sao_paulo,Public Transport,Brazil,Latin_America,360033.606123475
total,ub,40.77,cycle,sao_paulo,Public Transport,Brazil,Latin_America,360033.606123475
total,lb,26.62,cycle,sao_paulo,Public Transport,Brazil,Latin_America,360033.606123475
bus,mean,67.07,motorcycle,sao_paulo,Public Transport,Brazil,Latin_America,3554853.475209963
bus,ub,72.78,motorcycle,sao_paulo,Public Transport,Brazil,Latin_America,3554853.475209963
bus,lb,61.8,motorcycle,sao_paulo,Public Transport,Brazil,Latin_America,3554853.475209963
car,mean,92.83,motorcycle,sao_paulo,Public Transport,Brazil,Latin_America,3554853.475209963
car,ub,99.24,motorcycle,sao_paulo,Public Transport,Brazil,Latin_America,3554853.475209963
car,lb,86.82,motorcycle,sao_paulo,Public Transport,Brazil,Latin_America,3554853.475209963
cycle,mean,0.3,motorcycle,sao_paulo,Public Transport,Brazil,Latin_America,3554853.475209963
cycle,ub,0.73,motorcycle,sao_paulo,Public Transport,Brazil,Latin_America,3554853.475209963
cycle,lb,0.12,motorcycle,sao_paulo,Public Transport,Brazil,Latin_America,3554853.475209963
motorcycle,mean,0,motorcycle,sao_paulo,Public Transport,Brazil,Latin_America,3554853.475209963
motorcycle,ub,0,motorcycle,sao_paulo,Public Transport,Brazil,Latin_America,3554853.475209963
motorcycle,lb,0,motorcycle,sao_paulo,Public Transport,Brazil,Latin_America,3554853.475209963
other,mean,0.26,motorcycle,sao_paulo,Public Transport,Brazil,Latin_America,3554853.475209963
other,ub,0.65,motorcycle,sao_paulo,Public Transport,Brazil,Latin_America,3554853.475209963
other,lb,0.11,motorcycle,sao_paulo,Public Transport,Brazil,Latin_America,3554853.475209963
truck,mean,36.92,motorcycle,sao_paulo,Public Transport,Brazil,Latin_America,3554853.475209963
truck,ub,40.61,motorcycle,sao_paulo,Public Transport,Brazil,Latin_America,3554853.475209963
truck,lb,33.57,motorcycle,sao_paulo,Public Transport,Brazil,Latin_America,3554853.475209963
nov,mean,144.94,motorcycle,sao_paulo,Public Transport,Brazil,Latin_America,3554853.475209963
nov,ub,155.19,motorcycle,sao_paulo,Public Transport,Brazil,Latin_America,3554853.475209963
nov,lb,135.36,motorcycle,sao_paulo,Public Transport,Brazil,Latin_America,3554853.475209963
total,mean,342.32,motorcycle,sao_paulo,Public Transport,Brazil,Latin_America,3554853.475209963
total,ub,369.21,motorcycle,sao_paulo,Public Transport,Brazil,Latin_America,3554853.475209963
total,lb,317.78,motorcycle,sao_paulo,Public Transport,Brazil,Latin_America,3554853.475209963
bus,mean,0.33,other,sao_paulo,Public Transport,Brazil,Latin_America,141148.465140295
bus,ub,0.71,other,sao_paulo,Public Transport,Brazil,Latin_America,141148.465140295
bus,lb,0.16,other,sao_paulo,Public Transport,Brazil,Latin_America,141148.465140295
car,mean,0.46,other,sao_paulo,Public Transport,Brazil,Latin_America,141148.465140295
car,ub,0.98,other,sao_paulo,Public Transport,Brazil,Latin_America,141148.465140295
car,lb,0.22,other,sao_paulo,Public Transport,Brazil,Latin_America,141148.465140295
cycle,mean,0,other,sao_paulo,Public Transport,Brazil,Latin_America,141148.465140295
cycle,ub,0,other,sao_paulo,Public Transport,Brazil,Latin_America,141148.465140295
cycle,lb,0,other,sao_paulo,Public Transport,Brazil,Latin_America,141148.465140295
motorcycle,mean,0.16,other,sao_paulo,Public Transport,Brazil,Latin_America,141148.465140295
motorcycle,ub,0.34,other,sao_paulo,Public Transport,Brazil,Latin_America,141148.465140295
motorcycle,lb,0.07,other,sao_paulo,Public Transport,Brazil,Latin_America,141148.465140295
other,mean,0,other,sao_paulo,Public Transport,Brazil,Latin_America,141148.465140295
other,ub,0,other,sao_paulo,Public Transport,Brazil,Latin_America,141148.465140295
other,lb,0,other,sao_paulo,Public Transport,Brazil,Latin_America,141148.465140295
truck,mean,0.18,other,sao_paulo,Public Transport,Brazil,Latin_America,141148.465140295
truck,ub,0.39,other,sao_paulo,Public Transport,Brazil,Latin_America,141148.465140295
truck,lb,0.09,other,sao_paulo,Public Transport,Brazil,Latin_America,141148.465140295
nov,mean,0,other,sao_paulo,Public Transport,Brazil,Latin_America,141148.465140295
nov,ub,0,other,sao_paulo,Public Transport,Brazil,Latin_America,141148.465140295
nov,lb,0,other,sao_paulo,Public Transport,Brazil,Latin_America,141148.465140295
total,mean,1.14,other,sao_paulo,Public Transport,Brazil,Latin_America,141148.465140295
total,ub,2.44,other,sao_paulo,Public Transport,Brazil,Latin_America,141148.465140295
total,lb,0.53,other,sao_paulo,Public Transport,Brazil,Latin_America,141148.465140295
bus,mean,113.01,pedestrian,sao_paulo,Public Transport,Brazil,Latin_America,5511156.535057328
bus,ub,121.92,pedestrian,sao_paulo,Public Transport,Brazil,Latin_America,5511156.535057328
bus,lb,104.76,pedestrian,sao_paulo,Public Transport,Brazil,Latin_America,5511156.535057328
car,mean,156.41,pedestrian,sao_paulo,Public Transport,Brazil,Latin_America,5511156.535057328
car,ub,166.14,pedestrian,sao_paulo,Public Transport,Brazil,Latin_America,5511156.535057328
car,lb,147.26,pedestrian,sao_paulo,Public Transport,Brazil,Latin_America,5511156.535057328
cycle,mean,0.5,pedestrian,sao_paulo,Public Transport,Brazil,Latin_America,5511156.535057328
cycle,ub,1.23,pedestrian,sao_paulo,Public Transport,Brazil,Latin_America,5511156.535057328
cycle,lb,0.2,pedestrian,sao_paulo,Public Transport,Brazil,Latin_America,5511156.535057328
motorcycle,mean,53.55,pedestrian,sao_paulo,Public Transport,Brazil,Latin_America,5511156.535057328
motorcycle,ub,59.49,pedestrian,sao_paulo,Public Transport,Brazil,Latin_America,5511156.535057328
motorcycle,lb,48.19,pedestrian,sao_paulo,Public Transport,Brazil,Latin_America,5511156.535057328
other,mean,0.45,pedestrian,sao_paulo,Public Transport,Brazil,Latin_America,5511156.535057328
other,ub,1.09,pedestrian,sao_paulo,Public Transport,Brazil,Latin_America,5511156.535057328
other,lb,0.18,pedestrian,sao_paulo,Public Transport,Brazil,Latin_America,5511156.535057328
truck,mean,62.22,pedestrian,sao_paulo,Public Transport,Brazil,Latin_America,5511156.535057328
truck,ub,68.09,pedestrian,sao_paulo,Public Transport,Brazil,Latin_America,5511156.535057328
truck,lb,56.85,pedestrian,sao_paulo,Public Transport,Brazil,Latin_America,5511156.535057328
nov,mean,2.82,pedestrian,sao_paulo,Public Transport,Brazil,Latin_America,5511156.535057328
nov,ub,4.9,pedestrian,sao_paulo,Public Transport,Brazil,Latin_America,5511156.535057328
nov,lb,1.62,pedestrian,sao_paulo,Public Transport,Brazil,Latin_America,5511156.535057328
total,mean,388.95,pedestrian,sao_paulo,Public Transport,Brazil,Latin_America,5511156.535057328
total,ub,422.86,pedestrian,sao_paulo,Public Transport,Brazil,Latin_America,5511156.535057328
total,lb,359.06,pedestrian,sao_paulo,Public Transport,Brazil,Latin_America,5511156.535057328
bus,mean,1.48,truck,sao_paulo,Public Transport,Brazil,Latin_America,12287150.08884937
bus,ub,2.27,truck,sao_paulo,Public Transport,Brazil,Latin_America,12287150.08884937
bus,lb,0.96,truck,sao_paulo,Public Transport,Brazil,Latin_America,12287150.08884937
car,mean,2.04,truck,sao_paulo,Public Transport,Brazil,Latin_America,12287150.08884937
car,ub,3.14,truck,sao_paulo,Public Transport,Brazil,Latin_America,12287150.08884937
car,lb,1.33,truck,sao_paulo,Public Transport,Brazil,Latin_America,12287150.08884937
cycle,mean,0.01,truck,sao_paulo,Public Transport,Brazil,Latin_America,12287150.08884937
cycle,ub,0.02,truck,sao_paulo,Public Transport,Brazil,Latin_America,12287150.08884937
cycle,lb,0,truck,sao_paulo,Public Transport,Brazil,Latin_America,12287150.08884937
motorcycle,mean,0.7,truck,sao_paulo,Public Transport,Brazil,Latin_America,12287150.08884937
motorcycle,ub,1.08,truck,sao_paulo,Public Transport,Brazil,Latin_America,12287150.08884937
motorcycle,lb,0.45,truck,sao_paulo,Public Transport,Brazil,Latin_America,12287150.08884937
other,mean,0.01,truck,sao_paulo,Public Transport,Brazil,Latin_America,12287150.08884937
other,ub,0.02,truck,sao_paulo,Public Transport,Brazil,Latin_America,12287150.08884937
other,lb,0,truck,sao_paulo,Public Transport,Brazil,Latin_America,12287150.08884937
truck,mean,0,truck,sao_paulo,Public Transport,Brazil,Latin_America,12287150.08884937
truck,ub,0,truck,sao_paulo,Public Transport,Brazil,Latin_America,12287150.08884937
truck,lb,0,truck,sao_paulo,Public Transport,Brazil,Latin_America,12287150.08884937
nov,mean,10.09,truck,sao_paulo,Public Transport,Brazil,Latin_America,12287150.08884937
nov,ub,13.43,truck,sao_paulo,Public Transport,Brazil,Latin_America,12287150.08884937
nov,lb,7.58,truck,sao_paulo,Public Transport,Brazil,Latin_America,12287150.08884937
total,mean,14.32,truck,sao_paulo,Public Transport,Brazil,Latin_America,12287150.08884937
total,ub,19.95,truck,sao_paulo,Public Transport,Brazil,Latin_America,12287150.08884937
total,lb,10.33,truck,sao_paulo,Public Transport,Brazil,Latin_America,12287150.08884937
bus,mean,0,bus,sao_paulo,Motorcycling,Brazil,Latin_America,23146467.147186905
bus,ub,0,bus,sao_paulo,Motorcycling,Brazil,Latin_America,23146467.147186905
bus,lb,0,bus,sao_paulo,Motorcycling,Brazil,Latin_America,23146467.147186905
car,mean,2.23,bus,sao_paulo,Motorcycling,Brazil,Latin_America,23146467.147186905
car,ub,3.46,bus,sao_paulo,Motorcycling,Brazil,Latin_America,23146467.147186905
car,lb,1.44,bus,sao_paulo,Motorcycling,Brazil,Latin_America,23146467.147186905
cycle,mean,0.01,bus,sao_paulo,Motorcycling,Brazil,Latin_America,23146467.147186905
cycle,ub,0.02,bus,sao_paulo,Motorcycling,Brazil,Latin_America,23146467.147186905
cycle,lb,0,bus,sao_paulo,Motorcycling,Brazil,Latin_America,23146467.147186905
motorcycle,mean,1.95,bus,sao_paulo,Motorcycling,Brazil,Latin_America,23146467.147186905
motorcycle,ub,3.05,bus,sao_paulo,Motorcycling,Brazil,Latin_America,23146467.147186905
motorcycle,lb,1.25,bus,sao_paulo,Motorcycling,Brazil,Latin_America,23146467.147186905
other,mean,0.01,bus,sao_paulo,Motorcycling,Brazil,Latin_America,23146467.147186905
other,ub,0.02,bus,sao_paulo,Motorcycling,Brazil,Latin_America,23146467.147186905
other,lb,0,bus,sao_paulo,Motorcycling,Brazil,Latin_America,23146467.147186905
truck,mean,0.8,bus,sao_paulo,Motorcycling,Brazil,Latin_America,23146467.147186905
truck,ub,1.25,bus,sao_paulo,Motorcycling,Brazil,Latin_America,23146467.147186905
truck,lb,0.51,bus,sao_paulo,Motorcycling,Brazil,Latin_America,23146467.147186905
nov,mean,5,bus,sao_paulo,Motorcycling,Brazil,Latin_America,23146467.147186905
nov,ub,7.4,bus,sao_paulo,Motorcycling,Brazil,Latin_America,23146467.147186905
nov,lb,3.38,bus,sao_paulo,Motorcycling,Brazil,Latin_America,23146467.147186905
total,mean,10,bus,sao_paulo,Motorcycling,Brazil,Latin_America,23146467.147186905
total,ub,15.2,bus,sao_paulo,Motorcycling,Brazil,Latin_America,23146467.147186905
total,lb,6.59,bus,sao_paulo,Motorcycling,Brazil,Latin_America,23146467.147186905
bus,mean,13.9,car,sao_paulo,Motorcycling,Brazil,Latin_America,30286973.13427854
bus,ub,16.29,car,sao_paulo,Motorcycling,Brazil,Latin_America,30286973.13427854
bus,lb,11.86,car,sao_paulo,Motorcycling,Brazil,Latin_America,30286973.13427854
car,mean,0,car,sao_paulo,Motorcycling,Brazil,Latin_America,30286973.13427854
car,ub,0,car,sao_paulo,Motorcycling,Brazil,Latin_America,30286973.13427854
car,lb,0,car,sao_paulo,Motorcycling,Brazil,Latin_America,30286973.13427854
cycle,mean,0.08,car,sao_paulo,Motorcycling,Brazil,Latin_America,30286973.13427854
cycle,ub,0.2,car,sao_paulo,Motorcycling,Brazil,Latin_America,30286973.13427854
cycle,lb,0.03,car,sao_paulo,Motorcycling,Brazil,Latin_America,30286973.13427854
motorcycle,mean,23.67,car,sao_paulo,Motorcycling,Brazil,Latin_America,30286973.13427854
motorcycle,ub,28.07,car,sao_paulo,Motorcycling,Brazil,Latin_America,30286973.13427854
motorcycle,lb,19.96,car,sao_paulo,Motorcycling,Brazil,Latin_America,30286973.13427854
other,mean,0.07,car,sao_paulo,Motorcycling,Brazil,Latin_America,30286973.13427854
other,ub,0.18,car,sao_paulo,Motorcycling,Brazil,Latin_America,30286973.13427854
other,lb,0.03,car,sao_paulo,Motorcycling,Brazil,Latin_America,30286973.13427854
truck,mean,9.71,car,sao_paulo,Motorcycling,Brazil,Latin_America,30286973.13427854
truck,ub,11.46,car,sao_paulo,Motorcycling,Brazil,Latin_America,30286973.13427854
truck,lb,8.23,car,sao_paulo,Motorcycling,Brazil,Latin_America,30286973.13427854
nov,mean,119.43,car,sao_paulo,Motorcycling,Brazil,Latin_America,30286973.13427854
nov,ub,129.43,car,sao_paulo,Motorcycling,Brazil,Latin_America,30286973.13427854
nov,lb,110.21,car,sao_paulo,Motorcycling,Brazil,Latin_America,30286973.13427854
total,mean,166.87,car,sao_paulo,Motorcycling,Brazil,Latin_America,30286973.13427854
total,ub,185.63,car,sao_paulo,Motorcycling,Brazil,Latin_America,30286973.13427854
total,lb,150.32,car,sao_paulo,Motorcycling,Brazil,Latin_America,30286973.13427854
bus,mean,5.71,cycle,sao_paulo,Motorcycling,Brazil,Latin_America,383321.38166370697
bus,ub,6.86,cycle,sao_paulo,Motorcycling,Brazil,Latin_America,383321.38166370697
bus,lb,4.75,cycle,sao_paulo,Motorcycling,Brazil,Latin_America,383321.38166370697
car,mean,11.12,cycle,sao_paulo,Motorcycling,Brazil,Latin_America,383321.38166370697
car,ub,13.29,cycle,sao_paulo,Motorcycling,Brazil,Latin_America,383321.38166370697
car,lb,9.31,cycle,sao_paulo,Motorcycling,Brazil,Latin_America,383321.38166370697
cycle,mean,0,cycle,sao_paulo,Motorcycling,Brazil,Latin_America,383321.38166370697
cycle,ub,0,cycle,sao_paulo,Motorcycling,Brazil,Latin_America,383321.38166370697
cycle,lb,0,cycle,sao_paulo,Motorcycling,Brazil,Latin_America,383321.38166370697
motorcycle,mean,9.72,cycle,sao_paulo,Motorcycling,Brazil,Latin_America,383321.38166370697
motorcycle,ub,11.85,cycle,sao_paulo,Motorcycling,Brazil,Latin_America,383321.38166370697
motorcycle,lb,7.98,cycle,sao_paulo,Motorcycling,Brazil,Latin_America,383321.38166370697
other,mean,0.03,cycle,sao_paulo,Motorcycling,Brazil,Latin_America,383321.38166370697
other,ub,0.07,cycle,sao_paulo,Motorcycling,Brazil,Latin_America,383321.38166370697
other,lb,0.01,cycle,sao_paulo,Motorcycling,Brazil,Latin_America,383321.38166370697
truck,mean,3.99,cycle,sao_paulo,Motorcycling,Brazil,Latin_America,383321.38166370697
truck,ub,4.83,cycle,sao_paulo,Motorcycling,Brazil,Latin_America,383321.38166370697
truck,lb,3.3,cycle,sao_paulo,Motorcycling,Brazil,Latin_America,383321.38166370697
nov,mean,10.12,cycle,sao_paulo,Motorcycling,Brazil,Latin_America,383321.38166370697
nov,ub,13.38,cycle,sao_paulo,Motorcycling,Brazil,Latin_America,383321.38166370697
nov,lb,7.64,cycle,sao_paulo,Motorcycling,Brazil,Latin_America,383321.38166370697
total,mean,40.69,cycle,sao_paulo,Motorcycling,Brazil,Latin_America,383321.38166370697
total,ub,50.3,cycle,sao_paulo,Motorcycling,Brazil,Latin_America,383321.38166370697
total,lb,32.98,cycle,sao_paulo,Motorcycling,Brazil,Latin_America,383321.38166370697
bus,mean,149.7,motorcycle,sao_paulo,Motorcycling,Brazil,Latin_America,11462390.324213095
bus,ub,162.46,motorcycle,sao_paulo,Motorcycling,Brazil,Latin_America,11462390.324213095
bus,lb,137.95,motorcycle,sao_paulo,Motorcycling,Brazil,Latin_America,11462390.324213095
car,mean,291.61,motorcycle,sao_paulo,Motorcycling,Brazil,Latin_America,11462390.324213095
car,ub,311.78,motorcycle,sao_paulo,Motorcycling,Brazil,Latin_America,11462390.324213095
car,lb,272.75,motorcycle,sao_paulo,Motorcycling,Brazil,Latin_America,11462390.324213095
cycle,mean,0.89,motorcycle,sao_paulo,Motorcycling,Brazil,Latin_America,11462390.324213095
cycle,ub,2.18,motorcycle,sao_paulo,Motorcycling,Brazil,Latin_America,11462390.324213095
cycle,lb,0.36,motorcycle,sao_paulo,Motorcycling,Brazil,Latin_America,11462390.324213095
motorcycle,mean,0,motorcycle,sao_paulo,Motorcycling,Brazil,Latin_America,11462390.324213095
motorcycle,ub,0,motorcycle,sao_paulo,Motorcycling,Brazil,Latin_America,11462390.324213095
motorcycle,lb,0,motorcycle,sao_paulo,Motorcycling,Brazil,Latin_America,11462390.324213095
other,mean,0.77,motorcycle,sao_paulo,Motorcycling,Brazil,Latin_America,11462390.324213095
other,ub,1.88,motorcycle,sao_paulo,Motorcycling,Brazil,Latin_America,11462390.324213095
other,lb,0.31,motorcycle,sao_paulo,Motorcycling,Brazil,Latin_America,11462390.324213095
truck,mean,104.58,motorcycle,sao_paulo,Motorcycling,Brazil,Latin_America,11462390.324213095
truck,ub,115.03,motorcycle,sao_paulo,Motorcycling,Brazil,Latin_America,11462390.324213095
truck,lb,95.07,motorcycle,sao_paulo,Motorcycling,Brazil,Latin_America,11462390.324213095
nov,mean,410.51,motorcycle,sao_paulo,Motorcycling,Brazil,Latin_America,11462390.324213095
nov,ub,439.55,motorcycle,sao_paulo,Motorcycling,Brazil,Latin_America,11462390.324213095
nov,lb,383.38,motorcycle,sao_paulo,Motorcycling,Brazil,Latin_America,11462390.324213095
total,mean,958.06,motorcycle,sao_paulo,Motorcycling,Brazil,Latin_America,11462390.324213095
total,ub,1032.88,motorcycle,sao_paulo,Motorcycling,Brazil,Latin_America,11462390.324213095
total,lb,889.84,motorcycle,sao_paulo,Motorcycling,Brazil,Latin_America,11462390.324213095
bus,mean,0.27,other,sao_paulo,Motorcycling,Brazil,Latin_America,145447.25572384553
bus,ub,0.58,other,sao_paulo,Motorcycling,Brazil,Latin_America,145447.25572384553
bus,lb,0.13,other,sao_paulo,Motorcycling,Brazil,Latin_America,145447.25572384553
car,mean,0.53,other,sao_paulo,Motorcycling,Brazil,Latin_America,145447.25572384553
car,ub,1.12,other,sao_paulo,Motorcycling,Brazil,Latin_America,145447.25572384553
car,lb,0.25,other,sao_paulo,Motorcycling,Brazil,Latin_America,145447.25572384553
cycle,mean,0,other,sao_paulo,Motorcycling,Brazil,Latin_America,145447.25572384553
cycle,ub,0.01,other,sao_paulo,Motorcycling,Brazil,Latin_America,145447.25572384553
cycle,lb,0,other,sao_paulo,Motorcycling,Brazil,Latin_America,145447.25572384553
motorcycle,mean,0.46,other,sao_paulo,Motorcycling,Brazil,Latin_America,145447.25572384553
motorcycle,ub,0.99,other,sao_paulo,Motorcycling,Brazil,Latin_America,145447.25572384553
motorcycle,lb,0.21,other,sao_paulo,Motorcycling,Brazil,Latin_America,145447.25572384553
other,mean,0,other,sao_paulo,Motorcycling,Brazil,Latin_America,145447.25572384553
other,ub,0,other,sao_paulo,Motorcycling,Brazil,Latin_America,145447.25572384553
other,lb,0,other,sao_paulo,Motorcycling,Brazil,Latin_America,145447.25572384553
truck,mean,0.19,other,sao_paulo,Motorcycling,Brazil,Latin_America,145447.25572384553
truck,ub,0.4,other,sao_paulo,Motorcycling,Brazil,Latin_America,145447.25572384553
truck,lb,0.09,other,sao_paulo,Motorcycling,Brazil,Latin_America,145447.25572384553
nov,mean,0,other,sao_paulo,Motorcycling,Brazil,Latin_America,145447.25572384553
nov,ub,0,other,sao_paulo,Motorcycling,Brazil,Latin_America,145447.25572384553
nov,lb,0,other,sao_paulo,Motorcycling,Brazil,Latin_America,145447.25572384553
total,mean,1.45,other,sao_paulo,Motorcycling,Brazil,Latin_America,145447.25572384553
total,ub,3.1,other,sao_paulo,Motorcycling,Brazil,Latin_America,145447.25572384553
total,lb,0.68,other,sao_paulo,Motorcycling,Brazil,Latin_America,145447.25572384553
bus,mean,81.11,pedestrian,sao_paulo,Motorcycling,Brazil,Latin_America,4912365.297474593
bus,ub,87.5,pedestrian,sao_paulo,Motorcycling,Brazil,Latin_America,4912365.297474593
bus,lb,75.19,pedestrian,sao_paulo,Motorcycling,Brazil,Latin_America,4912365.297474593
car,mean,158.01,pedestrian,sao_paulo,Motorcycling,Brazil,Latin_America,4912365.297474593
car,ub,167.83,pedestrian,sao_paulo,Motorcycling,Brazil,Latin_America,4912365.297474593
car,lb,148.76,pedestrian,sao_paulo,Motorcycling,Brazil,Latin_America,4912365.297474593
cycle,mean,0.48,pedestrian,sao_paulo,Motorcycling,Brazil,Latin_America,4912365.297474593
cycle,ub,1.18,pedestrian,sao_paulo,Motorcycling,Brazil,Latin_America,4912365.297474593
cycle,lb,0.2,pedestrian,sao_paulo,Motorcycling,Brazil,Latin_America,4912365.297474593
motorcycle,mean,138.13,pedestrian,sao_paulo,Motorcycling,Brazil,Latin_America,4912365.297474593
motorcycle,ub,153.47,pedestrian,sao_paulo,Motorcycling,Brazil,Latin_America,4912365.297474593
motorcycle,lb,124.32,pedestrian,sao_paulo,Motorcycling,Brazil,Latin_America,4912365.297474593
other,mean,0.42,pedestrian,sao_paulo,Motorcycling,Brazil,Latin_America,4912365.297474593
other,ub,1.02,pedestrian,sao_paulo,Motorcycling,Brazil,Latin_America,4912365.297474593
other,lb,0.17,pedestrian,sao_paulo,Motorcycling,Brazil,Latin_America,4912365.297474593
truck,mean,56.66,pedestrian,sao_paulo,Motorcycling,Brazil,Latin_America,4912365.297474593
truck,ub,62.01,pedestrian,sao_paulo,Motorcycling,Brazil,Latin_America,4912365.297474593
truck,lb,51.78,pedestrian,sao_paulo,Motorcycling,Brazil,Latin_America,4912365.297474593
nov,mean,2.56,pedestrian,sao_paulo,Motorcycling,Brazil,Latin_America,4912365.297474593
nov,ub,4.47,pedestrian,sao_paulo,Motorcycling,Brazil,Latin_America,4912365.297474593
nov,lb,1.47,pedestrian,sao_paulo,Motorcycling,Brazil,Latin_America,4912365.297474593
total,mean,437.37,pedestrian,sao_paulo,Motorcycling,Brazil,Latin_America,4912365.297474593
total,ub,477.49,pedestrian,sao_paulo,Motorcycling,Brazil,Latin_America,4912365.297474593
total,lb,401.88,pedestrian,sao_paulo,Motorcycling,Brazil,Latin_America,4912365.297474593
bus,mean,1.16,truck,sao_paulo,Motorcycling,Brazil,Latin_America,12287150.08884937
bus,ub,1.79,truck,sao_paulo,Motorcycling,Brazil,Latin_America,12287150.08884937
bus,lb,0.76,truck,sao_paulo,Motorcycling,Brazil,Latin_America,12287150.08884937
car,mean,2.27,truck,sao_paulo,Motorcycling,Brazil,Latin_America,12287150.08884937
car,ub,3.48,truck,sao_paulo,Motorcycling,Brazil,Latin_America,12287150.08884937
car,lb,1.48,truck,sao_paulo,Motorcycling,Brazil,Latin_America,12287150.08884937
cycle,mean,0.01,truck,sao_paulo,Motorcycling,Brazil,Latin_America,12287150.08884937
cycle,ub,0.02,truck,sao_paulo,Motorcycling,Brazil,Latin_America,12287150.08884937
cycle,lb,0,truck,sao_paulo,Motorcycling,Brazil,Latin_America,12287150.08884937
motorcycle,mean,1.98,truck,sao_paulo,Motorcycling,Brazil,Latin_America,12287150.08884937
motorcycle,ub,3.07,truck,sao_paulo,Motorcycling,Brazil,Latin_America,12287150.08884937
motorcycle,lb,1.28,truck,sao_paulo,Motorcycling,Brazil,Latin_America,12287150.08884937
other,mean,0.01,truck,sao_paulo,Motorcycling,Brazil,Latin_America,12287150.08884937
other,ub,0.02,truck,sao_paulo,Motorcycling,Brazil,Latin_America,12287150.08884937
other,lb,0,truck,sao_paulo,Motorcycling,Brazil,Latin_America,12287150.08884937
truck,mean,0,truck,sao_paulo,Motorcycling,Brazil,Latin_America,12287150.08884937
truck,ub,0,truck,sao_paulo,Motorcycling,Brazil,Latin_America,12287150.08884937
truck,lb,0,truck,sao_paulo,Motorcycling,Brazil,Latin_America,12287150.08884937
nov,mean,10.09,truck,sao_paulo,Motorcycling,Brazil,Latin_America,12287150.08884937
nov,ub,13.43,truck,sao_paulo,Motorcycling,Brazil,Latin_America,12287150.08884937
nov,lb,7.58,truck,sao_paulo,Motorcycling,Brazil,Latin_America,12287150.08884937
total,mean,15.52,truck,sao_paulo,Motorcycling,Brazil,Latin_America,12287150.08884937
total,ub,21.79,truck,sao_paulo,Motorcycling,Brazil,Latin_America,12287150.08884937
total,lb,11.1,truck,sao_paulo,Motorcycling,Brazil,Latin_America,12287150.08884937
motorcycle,mean,70.42302844660927,pedestrian,sao_paulo,Baseline,Brazil,Latin_America,5164657.512131773
car,mean,191.50121770569186,pedestrian,sao_paulo,Baseline,Brazil,Latin_America,5164657.512131773
bus,mean,88.74948906575611,pedestrian,sao_paulo,Baseline,Brazil,Latin_America,5164657.512131773
other,mean,0.41183057571116527,pedestrian,sao_paulo,Baseline,Brazil,Latin_America,5164657.512131773
truck,mean,36.85883652614929,pedestrian,sao_paulo,Baseline,Brazil,Latin_America,5164657.512131773
cycle,mean,0.8236611514223305,pedestrian,sao_paulo,Baseline,Brazil,Latin_America,5164657.512131773
motorcycle,mean,0,motorcycle,sao_paulo,Baseline,Brazil,Latin_America,4444074.618707761
car,mean,120.25452810766025,motorcycle,sao_paulo,Baseline,Brazil,Latin_America,4444074.618707761
bus,mean,63.01007808380828,motorcycle,sao_paulo,Baseline,Brazil,Latin_America,4444074.618707761
other,mean,0.6177458635667479,motorcycle,sao_paulo,Baseline,Brazil,Latin_America,4444074.618707761
truck,mean,64.0396545230862,motorcycle,sao_paulo,Baseline,Brazil,Latin_America,4444074.618707761
cycle,mean,0.20591528785558263,motorcycle,sao_paulo,Baseline,Brazil,Latin_America,4444074.618707761
motorcycle,mean,2.0591528785558264,cycle,sao_paulo,Baseline,Brazil,Latin_America,401239.18001522106
car,mean,10.91351025634588,cycle,sao_paulo,Baseline,Brazil,Latin_America,401239.18001522106
bus,mean,9.883933817067966,cycle,sao_paulo,Baseline,Brazil,Latin_America,401239.18001522106
other,mean,0,cycle,sao_paulo,Baseline,Brazil,Latin_America,401239.18001522106
truck,mean,4.324221044967235,cycle,sao_paulo,Baseline,Brazil,Latin_America,401239.18001522106
cycle,mean,0,cycle,sao_paulo,Baseline,Brazil,Latin_America,401239.18001522106
motorcycle,mean,3.294644605689322,car,sao_paulo,Baseline,Brazil,Latin_America,32687908.799218576
car,mean,0,car,sao_paulo,Baseline,Brazil,Latin_America,32687908.799218576
bus,mean,20.385613497702682,car,sao_paulo,Baseline,Brazil,Latin_America,32687908.799218576
other,mean,0,car,sao_paulo,Baseline,Brazil,Latin_America,32687908.799218576
truck,mean,13.590408998468453,car,sao_paulo,Baseline,Brazil,Latin_America,32687908.799218576
cycle,mean,0,car,sao_paulo,Baseline,Brazil,Latin_America,32687908.799218576
motorcycle,mean,0,other,sao_paulo,Baseline,Brazil,Latin_America,173302.25686995994
car,mean,0.41183057571116527,other,sao_paulo,Baseline,Brazil,Latin_America,173302.25686995994
bus,mean,0.6177458635667479,other,sao_paulo,Baseline,Brazil,Latin_America,173302.25686995994
other,mean,0,other,sao_paulo,Baseline,Brazil,Latin_America,173302.25686995994
truck,mean,0.41183057571116527,other,sao_paulo,Baseline,Brazil,Latin_America,173302.25686995994
cycle,mean,0,other,sao_paulo,Baseline,Brazil,Latin_America,173302.25686995994
motorcycle,mean,1.647322302844661,truck,sao_paulo,Baseline,Brazil,Latin_America,12287150.08884937
car,mean,2.265068166411409,truck,sao_paulo,Baseline,Brazil,Latin_America,12287150.08884937
bus,mean,0.6177458635667479,truck,sao_paulo,Baseline,Brazil,Latin_America,12287150.08884937
other,mean,0,truck,sao_paulo,Baseline,Brazil,Latin_America,12287150.08884937
truck,mean,0,truck,sao_paulo,Baseline,Brazil,Latin_America,12287150.08884937
cycle,mean,0,truck,sao_paulo,Baseline,Brazil,Latin_America,12287150.08884937
motorcycle,mean,1.647322302844661,bus,sao_paulo,Baseline,Brazil,Latin_America,25069614.64558881
car,mean,2.265068166411409,bus,sao_paulo,Baseline,Brazil,Latin_America,25069614.64558881
bus,mean,0,bus,sao_paulo,Baseline,Brazil,Latin_America,25069614.64558881
other,mean,0,bus,sao_paulo,Baseline,Brazil,Latin_America,25069614.64558881
truck,mean,0.41183057571116527,bus,sao_paulo,Baseline,Brazil,Latin_America,25069614.64558881
cycle,mean,0,bus,sao_paulo,Baseline,Brazil,Latin_America,25069614.64558881
nov,mean,127.46156318260564,car,sao_paulo,Baseline,Brazil,Latin_America,32687908.799218576
nov,mean,176.2634864043787,motorcycle,sao_paulo,Baseline,Brazil,Latin_America,4444074.618707761
nov,mean,10.501679680634714,cycle,sao_paulo,Baseline,Brazil,Latin_America,401239.18001522106
nov,mean,10.089849104923548,truck,sao_paulo,Baseline,Brazil,Latin_America,12287150.08884937
nov,mean,5.353797484245148,bus,sao_paulo,Baseline,Brazil,Latin_America,25069614.64558881
nov,mean,2.676898742122574,pedestrian,sao_paulo,Baseline,Brazil,Latin_America,5164657.512131773
